freq_artifacts,noise_consistency,ela_score,color_consistency,skin_smoothness,facial_landmarks,morph_uniformity,edge_consistency,label
89.9,33.7,20.5,59.3,0.0,11.6,41.0,15.9,0
54.8,46.9,21.6,29.6,0.0,10.7,38.7,12.3,0
24.3,48.8,27.8,35.6,18.0,18.8,23.6,0.8,0
100.0,34.0,23.8,18.3,0.0,20.1,37.6,11.5,0
41.6,31.4,18.5,43.0,2.7,22.6,32.3,17.9,0
63.8,26.4,21.8,13.9,0.0,18.3,35.8,20.7,0
63.1,30.5,21.4,27.5,0.0,17.2,35.0,19.0,0
68.4,32.0,24.6,41.2,0.0,14.3,31.8,17.8,0
78.1,33.0,22.3,55.6,0.0,8.6,38.0,20.1,0
61.6,33.3,21.7,58.1,1.6,12.6,34.9,17.2,0
22.8,39.9,24.6,37.6,3.2,17.0,21.3,9.3,0
53.8,46.2,27.7,11.7,7.1,9.0,23.6,0.7,0
73.3,41.1,22.8,40.4,1.9,14.3,37.7,18.2,0
58.2,37.5,21.5,62.1,0.0,17.5,30.6,14.2,0
50.0,34.6,24.1,37.3,0.8,23.9,32.0,14.1,0
59.3,50.1,25.9,11.3,10.6,14.6,24.5,2.5,0
29.4,55.4,25.7,55.4,5.1,9.7,20.5,9.1,0
84.9,46.9,23.9,41.1,0.0,11.9,35.2,3.6,0
63.6,31.9,19.4,79.9,3.4,20.7,42.5,20.8,0
58.0,39.4,22.7,22.8,0.0,25.6,32.4,4.5,0
41.8,34.3,21.0,66.7,3.5,16.1,29.7,12.3,0
49.9,40.4,24.6,16.2,6.6,16.2,30.8,5.4,0
75.5,38.1,20.6,45.6,0.0,12.5,34.5,20.3,0
75.0,39.0,19.2,72.3,2.2,17.4,36.1,8.6,0
58.2,38.7,22.0,76.5,7.1,11.5,33.0,4.8,0
45.9,29.0,18.9,38.2,2.5,20.1,39.1,20.0,0
41.7,42.7,23.0,45.6,6.0,9.4,30.2,8.0,0
60.3,22.7,16.5,34.0,7.6,14.3,44.2,24.6,0
60.9,32.5,20.1,26.8,7.0,12.2,38.0,17.0,0
69.7,32.1,22.7,0.0,4.9,17.8,34.1,15.7,0
73.1,32.2,21.6,44.5,6.1,16.9,36.6,26.7,0
60.0,43.6,21.5,50.4,2.0,18.0,28.9,3.8,0
46.1,34.4,22.4,53.1,3.1,22.8,30.7,12.3,0
56.5,43.7,24.8,5.0,8.2,17.5,31.8,7.2,0
74.5,32.9,23.2,67.8,0.5,19.5,35.1,12.5,0
46.3,51.3,21.6,31.8,9.0,14.8,28.3,5.9,0
81.4,56.7,25.7,63.1,11.4,19.3,26.0,1.4,0
70.7,41.6,24.3,39.8,0.0,6.7,29.3,9.2,0
52.5,36.3,18.3,25.0,0.0,12.9,35.8,19.9,0
59.4,39.5,23.8,82.9,2.5,20.3,31.8,15.6,0
59.8,48.0,20.4,18.0,11.8,3.3,35.5,11.0,0
55.5,22.0,17.9,20.9,0.0,10.9,40.7,29.0,0
48.8,27.8,19.8,63.1,2.8,7.8,33.3,20.0,0
90.0,28.0,18.6,10.2,0.0,13.4,43.7,23.8,0
61.3,29.3,14.3,20.1,0.0,8.6,39.7,15.9,0
39.1,25.2,25.8,40.0,0.0,19.1,28.9,21.2,0
43.1,39.0,25.6,14.5,4.1,19.5,22.6,11.3,0
40.4,65.9,31.1,0.0,0.3,23.0,22.8,19.1,0
16.4,25.7,26.6,42.9,12.0,10.6,36.8,22.5,0
47.2,53.6,25.2,29.2,7.1,9.1,28.3,1.6,0
72.6,29.6,23.3,17.9,0.6,15.8,32.8,15.5,0
65.6,31.5,23.7,43.4,0.4,15.4,30.6,15.7,0
43.8,22.7,19.5,62.3,0.0,21.3,40.4,25.6,0
75.9,29.1,19.8,35.5,0.2,11.6,42.9,19.3,0
50.4,45.3,27.9,33.1,6.4,15.9,24.7,5.2,0
35.3,41.4,21.1,7.2,0.0,18.9,25.6,5.8,0
30.9,50.5,27.7,17.8,0.0,18.2,22.9,2.5,0
47.3,30.8,23.0,30.1,0.0,17.7,30.9,15.6,0
69.6,37.7,20.5,71.8,3.0,17.2,35.7,12.5,0
73.4,33.9,16.1,66.5,1.5,5.9,40.2,18.9,0
34.9,47.3,27.8,77.0,2.6,19.1,21.4,0.0,0
47.6,30.7,23.7,23.9,8.9,14.1,36.1,13.4,0
58.5,34.8,19.8,74.9,5.0,11.8,40.1,14.7,0
46.6,48.2,27.8,44.7,6.1,16.3,25.2,2.4,0
26.4,44.0,31.0,40.9,13.8,15.8,20.1,7.2,0
28.8,29.6,20.9,31.1,2.3,22.5,38.6,21.6,0
55.1,30.3,17.5,6.8,0.0,14.8,36.9,20.0,0
63.7,28.5,20.2,8.3,0.0,13.1,35.1,16.4,0
59.6,31.9,23.7,34.1,0.0,24.5,32.4,15.8,0
34.7,38.8,20.7,34.1,0.0,20.2,33.0,15.5,0
56.8,32.5,18.9,49.3,2.4,15.8,38.4,20.1,0
60.8,37.9,21.6,42.5,0.0,14.4,29.9,11.0,0
69.1,44.6,20.8,60.4,1.6,17.5,31.3,6.8,0
80.6,34.7,27.3,42.3,0.0,22.9,27.7,11.6,0
58.7,36.5,18.9,72.2,0.7,20.8,35.0,14.9,0
47.0,34.0,20.8,7.2,0.0,15.5,33.6,18.8,0
65.4,32.8,21.9,39.4,0.0,14.7,33.0,13.1,0
51.4,34.0,16.4,59.1,0.0,20.4,38.9,20.5,0
63.8,27.2,19.8,5.6,4.8,18.5,34.4,17.8,0
71.2,36.2,20.7,27.6,0.0,12.7,31.3,9.7,0
70.0,44.8,28.4,15.5,6.7,5.3,26.1,0.4,0
63.0,33.9,18.1,54.1,0.0,10.4,39.7,18.1,0
54.9,28.6,20.1,14.3,2.6,15.9,36.8,17.9,0
34.5,29.8,23.1,44.6,7.4,22.7,35.7,17.9,0
91.9,27.9,19.9,37.9,0.0,13.7,43.5,23.7,0
52.5,50.9,30.1,35.9,7.8,22.6,21.7,1.3,0
31.5,39.0,22.7,52.7,12.9,10.2,33.2,10.6,0
83.8,39.2,20.5,53.3,0.0,21.1,36.7,8.6,0
67.5,33.5,19.3,41.5,5.0,24.5,41.7,19.4,0
54.8,51.8,27.5,39.5,0.0,21.3,21.8,4.3,0
80.5,44.7,24.1,26.7,0.0,23.6,33.5,2.0,0
70.4,33.4,20.2,19.2,0.0,17.5,39.0,12.6,0
34.2,31.0,20.2,35.2,0.4,25.8,40.9,20.8,0
66.5,39.6,20.6,49.3,8.3,16.0,37.0,14.3,0
50.7,40.9,23.1,7.8,0.0,18.1,24.1,10.1,0
22.9,38.5,24.4,9.7,2.9,27.1,24.3,4.4,0
64.5,34.6,21.6,28.9,0.0,28.2,32.8,18.0,0
40.6,28.1,18.1,79.5,3.5,19.7,35.8,22.5,0
59.2,22.2,17.3,61.0,4.7,9.9,41.0,24.0,0
58.7,44.6,26.1,55.1,2.4,11.1,26.1,3.7,0
16.7,36.6,27.7,25.6,8.3,21.8,25.9,11.6,0
44.1,51.5,25.8,58.2,0.4,13.3,25.8,6.0,0
36.4,36.5,21.0,28.6,0.0,18.9,32.7,14.4,0
59.6,40.3,19.4,17.5,3.1,7.2,34.1,13.9,0
39.9,41.8,20.4,13.3,0.0,20.4,28.3,4.3,0
58.3,40.4,23.6,0.1,6.6,9.9,31.8,9.7,0
62.1,42.4,19.3,29.5,0.0,11.6,35.7,6.9,0
90.8,18.6,18.5,83.9,6.1,8.5,47.8,32.1,0
65.5,44.3,27.3,23.5,0.0,10.2,25.5,3.4,0
91.0,25.1,19.7,20.7,0.0,17.3,41.8,24.9,0
75.9,33.0,20.2,37.3,10.4,10.0,40.8,19.2,0
57.1,29.5,20.6,17.9,4.3,11.9,38.5,20.9,0
42.4,50.6,29.4,36.4,11.6,10.2,21.2,0.7,0
58.2,26.1,19.6,22.3,0.0,21.9,37.6,21.5,0
43.1,43.1,23.9,64.1,4.5,14.0,21.0,9.2,0
55.2,36.6,20.4,31.4,2.0,10.1,36.2,20.7,0
72.2,39.9,22.6,0.0,0.0,15.5,29.7,11.7,0
53.1,24.5,20.6,51.2,0.4,17.4,35.7,25.6,0
48.2,34.1,20.6,40.1,2.0,18.0,33.6,13.5,0
29.4,44.4,23.5,49.7,16.1,30.0,25.2,4.0,0
49.2,44.7,25.6,44.1,1.8,15.9,24.9,1.4,0
47.0,34.0,22.2,36.2,3.4,7.8,33.0,11.2,0
40.0,44.8,25.3,17.3,0.0,13.4,26.2,3.9,0
61.2,40.2,25.3,76.8,2.5,18.7,28.7,10.5,0
52.9,38.7,22.4,30.5,2.4,11.2,28.2,12.9,0
44.5,25.7,16.9,14.5,1.3,12.3,40.0,24.8,0
40.1,29.5,21.1,60.7,7.5,21.1,37.4,19.5,0
75.8,30.8,16.0,42.7,0.8,18.1,40.5,20.5,0
76.2,51.5,31.2,34.1,1.4,6.8,24.0,1.6,0
51.2,44.3,21.4,53.9,3.2,13.9,33.0,9.0,0
48.5,29.7,18.8,44.4,0.0,14.5,42.9,25.8,0
70.4,34.0,24.2,18.9,0.0,13.8,31.2,14.1,0
77.6,18.0,18.6,40.8,2.3,12.9,43.9,30.1,0
46.3,62.2,27.2,53.7,3.4,21.4,20.7,14.3,0
55.5,47.4,23.9,20.8,3.7,20.6,24.1,3.5,0
41.3,37.8,21.6,8.7,10.6,13.1,35.5,10.9,0
79.2,51.2,23.9,35.3,0.0,28.0,23.9,0.3,0
77.4,46.7,26.1,33.8,0.0,21.3,32.7,0.3,0
32.8,36.4,21.0,36.0,4.0,12.1,35.7,18.1,0
48.0,29.3,17.7,49.4,12.0,19.3,38.2,18.7,0
42.6,28.7,18.1,47.9,3.8,18.6,36.1,21.9,0
56.2,38.1,22.3,93.5,9.2,16.1,33.8,7.1,0
60.4,48.7,27.3,11.0,4.1,11.8,24.3,2.3,0
29.6,31.7,20.3,5.8,0.0,27.8,34.0,14.4,0
91.8,28.7,22.6,24.0,0.0,14.8,41.1,20.1,0
52.8,34.9,23.2,11.6,11.6,13.0,28.4,15.0,0
78.3,32.2,16.6,16.0,0.0,20.7,42.0,18.2,0
48.7,58.0,25.1,39.9,5.5,10.8,23.4,0.9,0
50.5,41.5,25.5,40.9,0.0,11.7,28.0,5.6,0
77.9,34.6,23.3,13.6,0.0,17.9,33.1,12.7,0
64.5,24.2,20.6,71.5,0.0,9.8,37.1,25.3,0
74.6,48.7,24.9,38.5,0.3,18.9,25.2,1.6,0
49.8,41.7,20.3,58.9,0.5,8.8,36.7,14.4,0
59.6,35.7,25.3,68.0,0.0,27.5,25.2,13.8,0
85.1,33.5,18.4,43.8,1.0,10.5,41.5,23.6,0
63.2,33.3,23.8,78.9,3.8,9.8,33.7,10.7,0
77.6,36.9,22.7,87.3,6.0,19.9,34.8,10.9,0
43.9,50.9,22.8,13.5,0.0,21.2,27.9,0.2,0
53.7,40.1,21.8,74.0,0.0,20.3,34.2,11.6,0
46.0,38.8,25.3,45.7,1.2,23.7,29.2,6.4,0
61.7,40.0,23.8,46.2,8.3,15.2,31.6,6.9,0
46.7,52.1,22.1,9.7,0.0,19.4,21.9,0.2,0
100.0,36.0,19.6,73.8,0.0,18.8,42.4,11.4,0
55.6,49.9,25.7,34.5,3.0,13.2,29.6,5.3,0
64.8,38.0,23.5,17.1,0.0,15.5,34.1,11.1,0
75.0,49.5,23.5,31.5,0.0,30.6,30.4,2.6,0
57.0,30.4,18.6,72.0,4.6,29.1,40.9,18.5,0
75.6,30.7,19.0,21.3,2.6,20.8,38.8,23.0,0
40.1,50.1,17.6,64.3,0.0,21.5,35.2,12.7,0
51.1,21.3,17.0,56.1,0.5,19.3,40.3,27.4,0
64.3,46.5,24.3,26.0,0.0,11.6,30.4,13.7,0
71.6,37.3,24.8,32.0,0.0,11.2,36.7,18.4,0
58.6,34.2,20.5,32.6,0.6,15.3,33.1,17.9,0
51.6,31.8,17.8,52.8,1.9,9.2,35.3,22.3,0
64.8,36.9,25.8,32.7,0.0,15.1,31.3,8.9,0
48.0,33.6,20.4,48.0,0.0,12.9,36.8,18.5,0
48.0,40.9,26.0,17.4,1.5,26.5,29.6,6.2,0
62.3,25.7,19.0,28.9,0.0,8.1,42.5,24.1,0
53.8,41.1,30.0,35.6,0.0,22.0,23.7,8.8,0
76.6,40.8,27.0,31.8,0.0,18.2,30.3,10.2,0
52.4,47.1,20.8,32.6,0.0,8.3,31.6,8.3,0
67.2,47.0,26.7,8.5,0.8,15.5,20.3,12.9,0
60.0,39.1,22.5,59.0,9.1,8.6,38.4,17.3,0
78.6,41.1,22.8,17.7,0.0,19.9,32.8,7.2,0
62.6,30.7,16.5,67.6,0.0,17.9,34.9,18.7,0
60.7,56.0,27.7,65.6,5.4,13.5,22.0,5.2,0
50.2,35.7,22.3,32.0,1.7,22.7,28.9,13.2,0
59.8,39.3,19.0,28.1,0.0,27.8,39.1,22.3,0
57.0,26.6,15.6,49.1,3.8,37.9,42.0,22.4,0
43.2,26.8,19.6,37.2,5.6,21.2,40.0,21.5,0
59.1,19.7,15.2,39.8,0.0,8.3,43.9,27.9,0
29.0,22.4,21.0,24.3,0.1,8.8,34.8,23.3,0
50.8,47.0,27.8,30.4,0.0,24.7,20.4,1.5,0
51.7,28.0,18.5,37.6,0.8,12.5,39.4,24.1,0
68.1,57.4,20.7,67.4,0.0,16.0,30.0,10.3,0
59.4,50.8,27.8,17.4,0.0,8.6,20.8,6.0,0
54.2,55.4,23.4,16.9,0.9,13.2,25.0,2.5,0
47.3,23.9,18.3,22.3,0.0,15.7,38.5,27.9,0
69.0,32.8,16.6,17.3,0.0,30.0,39.2,15.2,0
66.5,36.6,21.2,40.6,5.8,21.1,31.4,12.5,0
81.7,37.9,21.7,19.3,0.0,20.1,38.9,18.2,0
56.1,53.4,25.9,18.6,9.5,19.2,23.7,7.2,0
62.2,42.9,19.1,73.7,9.4,14.1,33.5,13.7,0
51.9,33.2,22.7,26.8,0.0,7.1,25.7,11.9,0
73.5,33.3,19.7,30.2,0.0,12.3,34.9,13.5,0
54.4,39.7,21.9,47.3,3.6,22.6,33.3,5.3,0
54.9,43.1,25.3,3.7,2.3,17.8,31.4,7.7,0
64.8,43.7,22.3,0.0,0.6,21.2,31.0,5.9,0
75.7,47.5,26.4,42.0,1.3,14.2,27.0,0.1,0
61.6,57.4,23.9,0.0,0.0,20.3,27.0,1.3,0
52.0,40.4,18.0,29.2,0.0,20.1,33.9,18.5,0
70.3,47.0,28.5,22.1,2.7,15.7,25.0,3.7,0
65.3,39.1,22.1,34.6,6.9,10.4,36.5,12.8,0
51.2,37.6,26.5,34.5,0.0,9.7,23.1,10.0,0
53.4,43.7,24.6,38.3,0.0,17.3,34.2,15.2,0
60.8,36.4,23.9,38.7,0.0,22.7,29.1,14.8,0
66.4,35.8,18.6,37.7,5.3,22.2,42.7,21.1,0
48.7,43.1,24.3,45.0,5.6,15.1,34.3,10.1,0
60.8,29.8,18.0,63.8,3.7,18.1,40.1,14.9,0
61.5,31.8,20.6,13.4,0.0,16.1,32.8,20.5,0
57.6,37.5,26.0,42.3,1.2,11.0,25.8,8.6,0
84.6,16.7,17.7,18.9,5.6,12.5,46.2,28.8,0
53.0,39.9,21.8,42.3,0.0,11.5,31.0,8.7,0
31.6,50.2,23.2,18.9,0.6,30.0,27.8,0.6,0
55.8,27.1,19.7,36.4,0.0,16.6,36.1,23.0,0
57.0,33.9,23.6,4.6,0.0,15.5,28.4,16.3,0
42.0,41.1,26.3,38.7,0.0,23.4,28.0,19.1,0
50.5,33.3,18.9,37.5,14.7,10.0,36.9,13.4,0
56.7,40.9,25.6,53.9,1.1,15.1,30.5,9.8,0
68.0,49.8,26.7,47.5,1.3,9.7,22.7,0.1,0
70.1,32.1,19.9,9.0,0.0,18.6,37.4,15.5,0
51.6,44.3,22.9,33.2,0.0,7.0,33.1,7.4,0
34.1,44.1,26.2,55.9,9.3,20.9,30.9,7.5,0
55.0,51.4,28.4,14.0,3.3,10.3,22.1,2.7,0
51.0,36.6,20.5,43.4,0.0,17.1,35.3,14.7,0
48.3,46.6,23.5,30.0,0.0,20.9,30.2,5.3,0
63.6,46.0,22.8,22.3,3.4,16.0,32.1,10.6,0
52.1,42.1,23.1,71.9,7.8,23.5,32.5,11.0,0
81.4,20.9,17.1,80.4,6.8,10.2,43.1,26.5,0
32.2,30.7,18.3,32.2,2.9,37.0,39.5,18.8,0
40.4,34.6,19.2,20.5,4.0,16.7,38.4,18.7,0
66.4,46.7,22.1,46.4,14.0,21.9,28.9,2.9,0
67.9,57.7,25.4,51.9,0.0,14.2,26.3,0.6,0
67.3,33.2,20.5,79.1,1.6,14.8,36.5,14.9,0
19.8,42.1,19.6,68.9,12.0,12.4,35.2,10.1,0
25.5,49.1,24.6,31.4,0.0,17.8,22.7,3.5,0
61.0,36.6,20.3,23.9,17.9,8.4,37.2,13.3,0
32.1,41.3,19.5,41.9,0.0,21.8,31.2,13.4,0
37.4,40.2,25.4,26.7,1.5,11.6,23.4,10.4,0
54.0,34.7,23.3,7.3,0.0,18.7,27.1,11.9,0
71.1,21.7,17.6,85.4,2.6,13.4,45.8,27.8,0
56.1,31.8,22.1,33.6,14.8,7.2,37.8,15.8,0
34.5,41.1,20.5,23.7,9.0,16.7,33.8,18.3,0
58.6,35.7,21.5,22.2,0.0,10.2,32.9,14.6,0
55.8,28.7,25.8,56.7,0.0,18.8,29.8,19.7,0
41.5,45.0,22.1,0.0,0.0,15.0,20.2,4.7,0
71.1,41.3,20.5,56.5,4.1,20.8,34.4,8.6,0
68.4,39.6,26.5,32.1,0.0,18.4,28.8,9.0,0
48.7,34.6,21.6,38.5,8.4,21.6,35.3,14.3,0
56.9,42.2,23.7,26.8,0.0,21.0,24.5,7.0,0
60.1,38.8,20.3,36.6,3.8,14.8,38.8,15.3,0
48.7,30.3,19.1,56.1,0.2,10.9,35.6,19.0,0
36.3,30.7,17.6,57.4,2.7,19.3,38.9,22.3,0
63.5,49.2,24.3,42.0,3.4,12.3,21.9,1.5,0
65.6,49.9,25.9,15.7,7.6,17.5,29.4,0.0,0
79.5,51.9,24.2,8.2,0.7,35.6,26.7,2.1,0
79.2,18.9,17.1,67.1,2.6,13.3,40.2,29.0,0
32.2,44.0,26.4,34.3,14.0,18.7,25.5,1.2,0
51.7,34.7,20.3,18.7,0.0,11.9,33.8,13.4,0
61.5,34.9,21.0,15.5,1.6,11.8,35.4,10.1,0
62.7,38.6,24.5,64.9,11.2,14.1,36.7,11.3,0
54.3,44.1,28.3,12.8,0.0,6.6,20.1,3.2,0
63.6,33.5,18.1,77.8,1.4,17.3,42.4,25.4,0
43.0,51.2,28.2,31.1,1.0,9.0,23.0,0.1,0
63.7,37.4,20.6,71.0,6.9,30.8,38.7,16.3,0
97.4,35.4,23.3,9.7,0.0,9.0,34.2,13.1,0
65.1,23.8,22.7,21.2,0.0,10.7,37.8,25.6,0
36.9,27.1,19.9,18.2,0.0,16.9,39.3,19.7,0
50.9,41.2,23.7,68.0,3.1,15.8,31.3,9.8,0
44.6,40.9,23.8,54.2,4.3,14.4,23.9,10.2,0
63.7,44.0,25.7,28.8,0.0,13.8,27.6,3.9,0
58.3,45.6,23.3,15.6,6.2,10.4,31.4,6.9,0
55.8,49.5,22.4,39.5,0.0,25.1,29.9,1.2,0
38.0,34.7,21.4,57.2,3.6,15.7,36.3,14.7,0
71.8,36.2,26.3,15.0,3.1,17.7,28.4,8.2,0
53.8,47.9,24.3,16.8,6.7,14.2,25.6,2.7,0
48.8,33.1,25.1,27.4,8.6,20.5,34.0,14.0,0
47.4,33.9,22.0,46.2,4.9,22.7,40.5,20.5,0
45.1,48.8,26.9,33.3,0.0,14.8,24.3,3.2,0
46.8,54.5,27.0,20.2,2.4,18.6,27.4,4.1,0
78.1,40.1,24.8,23.6,0.9,13.8,36.0,9.2,0
57.8,34.2,20.2,27.1,0.0,22.6,31.3,11.2,0
48.2,34.8,23.4,68.6,10.8,30.0,38.2,14.3,0
90.8,46.7,21.9,13.5,0.0,8.2,26.4,10.3,0
58.3,36.6,18.2,38.3,0.0,13.9,38.7,21.4,0
49.0,43.1,18.4,63.7,4.3,7.5,37.5,13.1,0
54.2,56.0,32.4,0.0,1.8,12.7,22.4,7.3,0
43.3,41.4,20.6,21.6,4.0,15.8,30.9,6.4,0
60.3,51.0,27.1,37.5,2.2,6.9,20.4,1.9,0
66.0,41.6,21.2,31.6,0.0,13.1,31.3,4.7,0
63.0,33.7,21.5,51.0,4.5,10.3,37.1,13.3,0
64.1,32.6,25.2,39.5,4.7,14.1,30.9,15.5,0
59.9,44.7,24.6,20.4,0.0,14.4,26.7,8.6,0
71.1,48.7,21.9,39.3,3.4,21.0,35.1,14.2,0
65.4,37.4,20.4,54.6,3.1,15.0,37.1,16.5,0
70.0,34.4,20.9,62.7,0.2,29.5,37.1,17.1,0
56.6,28.2,19.5,16.0,0.3,16.5,33.8,20.1,0
63.7,35.2,23.5,26.2,0.0,17.9,34.3,10.5,0
59.7,27.3,19.7,78.3,20.4,13.9,41.5,15.5,0
49.7,41.1,19.5,30.5,0.0,13.2,32.3,12.5,0
63.0,29.7,21.1,15.9,0.0,14.4,31.7,17.9,0
56.8,29.0,19.8,16.4,3.4,17.6,37.1,20.8,0
32.1,40.3,22.5,20.6,16.5,11.1,26.9,9.5,0
43.5,63.2,30.5,10.8,0.0,28.4,20.7,16.5,0
23.1,54.4,31.4,12.2,0.0,19.4,24.2,8.8,0
82.4,37.0,20.3,48.6,4.3,24.0,40.1,15.7,0
46.3,24.0,16.7,57.4,0.0,10.8,42.8,26.4,0
71.7,33.9,25.1,64.2,6.1,10.8,32.9,14.7,0
71.3,23.9,19.2,13.4,0.0,16.7,37.9,24.0,0
61.3,45.5,23.9,55.5,1.9,20.5,30.4,8.4,0
31.2,28.1,15.8,46.8,6.7,23.1,33.5,15.5,0
70.0,32.2,18.9,49.0,0.0,8.7,41.1,19.3,0
55.3,36.6,25.0,29.4,2.8,16.9,30.3,16.3,0
53.8,19.5,17.1,36.2,0.0,9.4,42.5,29.4,0
61.9,30.4,20.2,79.8,12.7,13.5,40.2,15.7,0
58.0,42.4,23.0,46.1,7.9,16.8,36.3,6.8,0
59.1,46.4,22.7,31.1,0.0,12.4,29.8,0.9,0
46.3,32.6,21.4,40.3,0.4,12.3,33.5,18.6,0
47.6,30.6,19.2,40.4,3.8,9.8,34.8,17.9,0
60.1,54.2,30.1,19.0,1.1,21.9,20.4,5.3,0
63.9,42.9,19.9,34.6,0.0,20.7,34.3,10.8,0
74.9,57.0,27.0,25.2,3.1,22.3,25.7,3.7,0
70.1,27.5,18.0,2.8,0.0,16.2,37.8,18.4,0
58.1,38.9,18.6,74.1,1.2,12.2,36.1,11.3,0
59.6,46.3,22.1,0.0,0.0,19.2,28.0,10.8,0
65.0,64.4,34.1,0.0,7.5,16.4,22.5,18.5,0
56.6,33.8,22.6,25.8,2.5,20.2,32.0,13.4,0
20.6,35.1,24.6,50.7,14.9,21.6,36.7,21.2,0
21.1,35.2,20.5,44.4,0.0,13.6,32.7,15.0,0
61.3,48.3,25.4,58.0,0.0,6.2,26.5,3.8,0
71.4,58.5,24.7,60.8,4.8,9.6,28.4,6.1,0
34.4,31.6,23.4,25.8,0.0,20.1,28.2,18.0,0
61.4,45.8,23.6,38.1,11.8,22.7,30.8,4.1,0
72.7,26.8,22.6,33.3,5.2,19.4,38.7,21.2,0
63.7,38.0,19.0,28.4,0.0,28.1,34.0,11.3,0
72.5,49.9,23.1,2.7,0.0,14.5,34.2,8.5,0
62.6,46.4,24.4,54.8,13.6,25.3,28.1,5.8,0
82.8,26.3,21.7,14.4,0.0,14.7,38.5,18.1,0
52.4,30.3,21.3,21.7,0.0,10.4,33.0,27.7,0
55.9,40.8,21.3,23.0,0.0,22.4,27.0,12.4,0
75.1,56.7,26.2,23.5,14.4,14.9,20.2,4.1,0
58.5,39.8,20.6,22.0,4.1,11.3,29.9,7.7,0
48.6,38.9,19.4,67.9,9.5,12.4,36.2,9.5,0
48.9,33.0,19.6,39.5,6.6,12.3,34.8,18.4,0
67.8,61.4,30.5,37.0,1.2,16.6,22.3,13.2,0
46.2,44.5,26.6,0.0,3.8,20.2,21.1,2.8,0
82.6,27.4,18.5,87.1,3.6,8.3,41.1,18.1,0
29.4,38.2,24.1,26.4,4.5,13.5,30.7,19.9,0
53.1,28.6,19.7,72.2,0.0,9.9,33.4,18.5,0
40.3,46.4,26.9,38.3,4.6,16.8,22.3,2.6,0
62.5,33.7,22.3,23.0,7.5,19.1,36.9,15.9,0
58.6,37.2,22.5,73.7,0.0,17.5,32.4,10.8,0
58.2,44.5,18.1,48.1,0.0,16.5,33.2,16.1,0
45.1,44.9,25.4,36.0,0.0,11.3,27.3,4.5,0
68.7,37.0,20.6,30.9,2.0,12.7,42.0,24.0,0
71.3,54.7,24.2,60.9,0.0,8.3,24.4,4.2,0
57.3,65.0,28.2,51.4,0.0,23.4,21.0,9.3,0
47.1,28.5,15.0,14.3,0.0,15.0,39.7,22.6,0
64.1,41.7,21.0,2.7,5.6,17.0,27.1,1.3,0
45.6,44.1,24.8,17.3,2.0,18.7,25.2,4.8,0
38.9,48.4,26.7,31.3,20.7,17.6,30.0,1.8,0
54.1,44.5,23.2,8.7,6.4,7.3,31.8,1.2,0
50.8,37.4,18.2,10.5,0.0,16.2,36.0,20.8,0
56.0,35.1,23.2,46.3,2.3,24.3,36.5,12.7,0
65.4,46.1,20.3,26.2,3.0,30.0,40.5,19.2,0
60.8,62.0,34.5,23.3,9.8,14.7,22.2,16.4,0
49.2,44.7,24.9,33.7,0.0,17.8,28.0,2.7,0
43.1,41.3,22.7,30.1,2.5,14.9,28.9,5.5,0
46.3,46.0,24.7,12.7,0.0,22.0,26.6,2.6,0
70.9,38.5,23.8,32.5,3.0,12.7,34.2,13.1,0
69.8,43.4,24.6,31.8,0.8,9.8,34.8,10.9,0
74.4,38.4,19.0,71.9,13.0,13.1,36.9,10.6,0
69.2,34.9,22.8,28.0,0.0,23.4,32.7,13.8,0
72.6,40.7,21.3,10.4,0.0,23.4,35.9,10.6,0
63.7,59.4,27.8,72.8,8.6,11.7,25.4,9.1,0
50.7,28.0,21.7,28.6,0.0,14.1,35.3,16.2,0
47.2,27.2,17.8,22.8,7.1,16.4,38.4,20.7,0
62.9,28.3,17.9,26.4,0.0,13.2,40.9,16.2,0
46.3,39.2,26.8,60.2,9.3,25.8,24.6,9.7,0
93.0,55.0,27.0,5.0,8.2,14.4,26.5,4.5,0
33.6,45.7,23.8,43.6,6.7,8.8,32.9,8.2,0
67.1,66.8,28.8,38.7,1.4,11.4,20.6,9.8,0
48.0,44.1,23.8,63.3,7.4,9.8,30.1,7.9,0
46.8,29.8,19.4,17.6,0.0,8.2,36.8,19.5,0
82.6,36.0,20.4,36.9,0.9,20.4,39.3,19.4,0
56.5,37.0,19.4,64.4,0.0,10.2,36.7,16.4,0
62.4,19.4,16.0,0.0,0.0,16.2,42.7,28.7,0
50.0,51.9,32.1,15.5,0.0,22.1,21.0,1.1,0
70.6,38.8,24.7,60.3,6.7,16.8,32.2,10.6,0
47.1,53.7,24.1,0.0,1.5,17.5,21.1,8.1,0
47.0,37.3,18.6,42.4,3.8,17.1,32.7,20.6,0
54.9,42.8,23.1,44.9,1.5,12.3,27.1,1.0,0
72.2,49.6,27.1,28.8,0.0,8.5,20.2,7.0,0
38.9,24.3,21.3,50.3,2.6,14.9,38.8,26.7,0
89.8,12.5,15.5,39.4,2.0,17.0,50.4,33.2,0
54.1,33.0,27.4,26.3,0.0,17.4,24.1,15.4,0
62.8,39.3,18.3,53.3,4.1,5.6,38.9,9.6,0
86.3,54.5,25.2,30.2,5.5,20.3,33.9,11.3,0
43.5,25.8,19.2,17.6,0.0,10.8,34.0,23.7,0
24.1,33.3,18.7,11.5,8.6,13.6,34.0,16.9,0
60.4,33.5,17.3,66.3,1.6,5.7,38.5,14.4,0
44.0,44.2,20.7,73.2,0.0,14.7,28.6,6.1,0
75.1,57.1,29.7,0.5,7.9,25.0,24.7,0.9,0
55.8,44.0,25.4,28.4,6.7,13.0,27.3,3.1,0
49.4,43.2,26.3,20.2,0.0,20.3,22.0,4.6,0
40.9,33.3,22.5,46.2,0.0,16.7,36.0,18.0,0
41.6,34.8,21.9,68.2,13.6,30.0,33.2,15.9,0
42.4,49.6,23.7,4.4,4.2,12.5,25.5,10.1,0
42.3,36.7,26.6,29.2,4.9,14.1,27.3,8.7,0
84.6,34.0,19.9,67.7,9.3,14.2,40.1,13.4,0
53.4,35.5,21.6,25.9,5.7,15.8,33.7,12.7,0
68.3,39.6,21.1,30.1,0.0,10.1,33.3,10.2,0
48.5,34.7,24.0,22.2,0.0,23.9,29.0,13.3,0
64.1,39.5,18.9,70.9,8.5,14.1,35.4,12.6,0
55.0,46.3,24.0,33.8,10.6,8.7,29.4,8.3,0
39.6,38.5,23.3,28.7,0.0,14.2,29.8,12.0,0
25.1,55.8,34.7,45.2,11.8,14.3,23.3,15.2,0
55.9,40.0,21.7,19.8,0.0,8.7,32.5,14.4,0
90.0,33.0,19.0,74.2,0.6,16.8,40.9,16.3,0
68.5,39.5,28.3,32.9,0.6,13.8,30.1,5.8,0
87.5,33.0,24.5,23.3,1.2,12.3,36.1,12.6,0
84.9,32.2,21.7,38.8,6.5,19.1,39.3,20.9,0
35.9,42.2,25.1,20.2,0.0,19.3,23.4,7.2,0
70.0,46.0,26.8,30.7,0.0,16.6,20.2,1.9,0
57.0,30.3,24.3,33.4,0.0,15.0,31.3,19.8,0
63.7,50.8,18.6,25.5,4.4,12.2,36.5,8.9,0
66.6,40.0,20.9,44.2,3.3,7.9,38.4,20.1,0
49.7,50.2,22.0,45.6,9.9,32.5,26.9,2.2,0
57.6,49.7,22.4,13.2,0.0,16.2,24.2,2.9,0
41.4,52.4,26.9,22.7,1.0,29.5,21.0,3.6,0
73.4,19.3,19.4,97.3,5.6,15.7,46.5,34.0,0
66.3,25.8,20.2,68.2,3.1,20.0,44.1,29.2,0
71.3,32.1,23.7,29.1,0.0,12.3,34.0,15.4,0
82.3,33.8,23.7,42.4,0.0,15.6,33.5,13.6,0
78.0,33.8,21.4,75.2,3.8,15.3,36.4,16.4,0
67.2,36.3,23.4,85.0,0.0,8.1,28.4,11.1,0
60.6,41.7,22.3,24.8,1.1,22.4,30.9,11.4,0
72.2,55.3,25.6,41.8,0.0,11.4,25.3,0.5,0
60.9,36.5,23.6,44.7,0.0,14.0,32.3,10.9,0
72.5,51.9,28.7,42.8,4.1,10.6,26.8,1.2,0
71.0,33.7,20.6,26.1,0.0,27.6,37.4,21.6,0
52.3,34.7,24.2,35.0,0.0,16.5,28.3,19.2,0
42.1,53.3,26.3,31.5,0.0,19.3,20.8,3.6,0
47.3,37.9,22.9,19.2,4.9,3.3,29.9,15.7,0
60.6,34.1,21.8,22.4,0.0,23.9,33.4,14.3,0
53.7,48.3,23.9,76.9,6.3,10.4,24.7,1.1,0
50.0,29.0,19.4,28.2,0.4,18.1,37.4,19.3,0
61.8,29.9,17.0,9.5,8.8,9.5,40.2,17.6,0
70.1,38.6,23.3,36.6,1.2,17.9,34.7,19.1,0
77.9,39.8,23.6,34.5,0.0,13.5,34.6,7.5,0
64.0,48.9,27.9,22.7,0.0,14.1,26.3,3.1,0
56.6,39.1,20.2,57.5,9.1,10.7,33.2,12.3,0
52.0,48.6,20.3,61.9,2.1,17.9,30.6,2.5,0
31.6,41.0,22.1,30.4,0.0,18.7,26.4,5.2,0
42.6,35.4,19.9,29.7,0.0,13.7,29.8,15.1,0
59.4,31.5,20.3,9.3,0.0,17.9,33.7,14.1,0
36.4,32.6,24.3,27.7,0.0,8.2,32.1,16.9,0
76.0,27.6,19.8,51.8,1.0,18.7,42.7,27.7,0
93.2,35.1,23.2,64.9,1.3,19.9,40.5,20.9,0
49.9,33.8,22.6,65.0,0.0,18.4,34.3,14.5,0
68.9,39.1,22.7,67.3,2.4,9.6,36.8,8.1,0
35.0,35.8,20.6,4.9,0.0,15.1,28.9,10.4,0
56.9,35.5,20.0,17.1,0.1,18.5,34.1,17.5,0
36.9,47.9,25.4,72.2,5.1,9.7,27.7,1.9,0
59.7,22.2,16.9,65.4,3.6,8.9,45.7,31.7,0
56.0,33.2,17.1,61.4,0.0,16.3,41.5,23.3,0
39.8,32.7,17.1,55.2,0.0,12.5,30.8,21.9,0
71.8,30.9,21.2,35.8,0.0,22.2,39.1,20.8,0
55.2,52.8,28.0,43.9,1.3,18.3,24.1,3.0,0
81.1,45.7,21.2,23.1,0.0,19.8,38.5,5.9,0
73.6,36.7,23.6,40.4,3.1,19.9,37.3,15.0,0
64.8,35.7,20.1,46.0,0.0,19.5,34.1,11.7,0
42.5,23.5,19.0,54.3,1.1,18.3,44.1,27.2,0
59.0,60.4,27.3,57.1,10.4,9.5,25.3,8.9,0
65.2,35.4,23.2,31.8,7.7,7.9,36.1,13.9,0
52.3,32.0,22.3,42.8,2.7,8.3,34.9,16.1,0
76.4,45.2,25.7,1.6,0.0,16.4,32.7,6.3,0
55.6,32.3,21.0,72.8,3.2,27.5,37.9,18.8,0
54.9,41.4,23.7,30.6,0.0,10.4,27.7,10.0,0
79.9,46.0,23.6,46.0,11.9,10.3,33.3,16.7,0
78.6,20.4,15.4,70.1,9.8,20.5,46.6,29.8,0
65.1,29.9,21.9,39.3,7.0,17.0,37.7,17.6,0
81.1,24.8,20.4,53.5,6.0,12.9,41.1,23.5,0
53.6,37.5,21.5,27.8,0.0,15.9,30.5,12.9,0
58.9,28.0,19.6,3.8,0.0,7.4,36.5,21.4,0
42.1,35.8,21.1,21.4,0.0,9.8,30.3,13.7,0
80.3,43.6,21.7,73.3,0.0,15.0,34.1,4.3,0
51.9,35.4,21.4,49.0,8.9,25.4,32.2,11.4,0
56.8,28.7,19.4,30.5,4.5,13.9,40.9,25.6,0
84.0,52.0,29.2,19.8,6.0,15.2,29.3,4.3,0
69.7,51.2,26.4,48.1,0.0,10.6,24.1,1.2,0
55.3,41.0,23.2,63.6,0.0,18.6,25.5,3.4,0
66.3,59.3,33.4,47.0,7.4,19.1,21.1,8.6,0
78.7,37.7,24.1,29.8,1.5,10.6,31.9,8.6,0
46.9,47.4,26.8,15.8,0.0,18.3,21.1,14.5,0
59.9,24.7,21.8,15.8,0.0,12.8,34.4,32.7,0
73.3,37.5,23.6,33.2,0.0,27.4,34.8,16.1,0
62.2,20.8,21.5,51.9,2.0,9.1,41.3,23.3,0
33.9,38.6,24.5,25.5,9.4,14.3,31.9,6.9,0
73.2,24.7,16.9,59.9,0.0,12.6,44.0,24.8,0
45.4,39.4,18.5,39.9,0.2,26.4,36.7,13.5,0
74.6,52.0,27.5,8.6,4.8,12.9,23.6,12.4,0
61.1,36.4,23.5,29.5,0.0,16.8,32.1,13.3,0
86.1,37.6,26.2,25.1,0.0,11.3,34.2,14.4,0
54.1,37.7,26.2,18.0,0.0,12.7,28.2,12.2,0
62.6,40.0,25.1,49.8,6.8,19.8,30.4,6.9,0
43.3,33.1,20.6,17.0,0.0,10.9,36.9,14.1,0
59.0,40.7,22.3,27.9,6.7,10.5,35.2,9.9,0
76.0,36.5,21.6,45.6,0.0,13.5,35.3,12.7,0
63.0,39.6,22.4,40.6,1.8,18.6,33.7,13.8,0
74.5,46.7,28.1,18.6,0.0,7.4,29.0,1.1,0
46.5,33.0,17.7,38.3,0.0,9.9,38.3,16.9,0
67.3,49.1,20.4,47.7,1.6,14.7,36.6,4.0,0
69.4,44.5,23.2,24.9,0.0,8.4,33.0,7.2,0
5.9,47.7,31.5,49.7,9.4,15.8,20.3,2.9,0
44.3,35.9,18.0,0.0,0.0,27.7,31.1,21.5,0
62.1,33.1,19.2,21.9,1.9,16.6,38.2,20.3,0
72.7,28.3,20.8,49.7,5.5,10.0,39.8,19.2,0
59.0,56.0,22.4,87.0,8.1,15.0,31.6,4.3,0
49.5,39.8,21.9,43.7,0.0,24.5,33.9,11.4,0
47.2,30.5,18.5,32.3,4.9,14.2,41.2,23.5,0
27.9,42.8,23.2,34.5,10.7,16.8,25.9,11.5,0
36.6,61.1,28.8,0.0,7.6,20.9,22.5,1.1,0
71.4,36.9,24.8,24.7,0.0,11.4,33.3,18.3,0
75.1,49.1,24.3,0.0,0.0,11.6,29.5,2.3,0
67.2,37.9,24.4,13.9,2.9,17.5,26.3,3.9,0
54.6,46.1,26.8,27.4,0.0,13.0,23.5,2.3,0
70.2,38.7,18.3,47.6,6.0,15.0,40.1,11.8,0
68.8,60.1,28.5,11.2,11.3,21.2,25.9,3.1,0
60.6,42.0,22.4,29.2,0.0,11.3,29.7,10.3,0
54.2,32.1,20.3,2.5,0.0,18.7,31.8,21.0,0
45.4,30.5,19.4,47.1,5.3,28.7,38.7,25.0,0
62.4,38.7,22.4,54.5,0.0,10.7,32.0,19.0,0
66.7,37.8,24.8,13.4,0.0,11.7,31.1,11.0,0
84.4,34.6,21.9,40.2,4.3,16.8,35.3,14.8,0
50.6,38.7,18.4,52.8,0.0,14.0,34.5,12.8,0
46.1,52.4,21.1,31.2,0.5,22.3,29.0,5.7,0
46.3,44.9,29.3,24.1,0.0,16.9,20.2,3.7,0
74.5,52.0,24.7,12.8,0.0,21.2,31.4,2.9,0
68.3,29.0,24.2,17.2,0.0,21.3,30.1,19.8,0
58.7,33.0,21.0,18.6,0.0,9.7,37.2,12.4,0
53.2,40.1,24.0,17.9,7.5,15.5,26.2,7.9,0
65.9,29.9,19.3,76.6,11.4,16.1,41.6,23.1,0
58.3,53.7,27.3,29.6,0.0,13.7,20.3,12.0,0
57.3,61.9,30.9,1.2,4.1,11.3,21.6,17.8,0
66.1,36.6,19.8,72.6,9.0,10.7,35.4,9.7,0
61.4,30.6,22.2,59.9,0.0,26.0,37.4,17.3,0
37.6,39.8,24.2,17.8,0.0,12.0,21.2,15.1,0
28.5,37.3,25.9,16.4,7.1,22.0,30.4,10.4,0
49.8,39.1,24.2,10.4,0.0,16.8,26.0,7.1,0
59.0,30.8,20.4,37.9,0.0,7.7,34.7,16.3,0
39.6,37.1,25.6,44.6,23.5,17.9,33.0,14.0,0
63.4,35.0,18.8,30.7,5.8,11.8,33.4,10.3,0
70.7,44.1,19.6,29.4,0.0,20.7,35.0,8.0,0
64.4,27.3,23.2,28.3,0.0,11.0,35.4,20.6,0
85.5,32.7,19.6,25.0,0.0,14.8,40.6,16.8,0
80.6,26.9,18.4,47.9,0.0,7.5,42.8,20.9,0
59.9,39.1,21.9,48.5,0.2,9.7,35.1,12.3,0
41.1,28.6,21.2,27.1,0.0,9.6,31.6,19.8,0
35.2,46.4,23.4,31.8,0.0,20.8,21.1,4.9,0
51.3,49.3,24.3,22.7,0.0,17.0,24.8,0.1,0
40.2,32.3,21.4,22.9,0.0,8.9,28.0,12.1,0
39.0,33.6,27.0,46.8,9.2,17.9,34.0,17.4,0
42.8,26.9,18.6,65.0,0.0,18.0,37.8,19.6,0
53.1,29.0,23.3,23.2,4.2,15.6,30.2,19.6,0
50.0,44.9,23.2,11.5,18.5,15.9,32.0,10.8,0
58.4,43.7,23.5,1.8,0.0,17.7,26.6,6.2,0
53.4,50.6,24.0,24.6,4.5,18.7,21.7,2.7,0
81.8,36.8,17.9,83.8,0.0,16.3,42.0,16.0,0
68.3,24.3,19.9,22.2,1.1,16.7,41.2,23.0,0
30.8,39.0,20.7,40.3,8.5,25.5,28.3,10.5,0
43.4,34.6,19.9,58.7,5.1,21.3,39.6,21.6,0
67.7,36.0,24.8,49.0,9.3,8.9,34.3,10.3,0
60.2,51.6,26.7,2.3,0.6,31.1,21.9,4.3,0
60.2,44.0,24.4,46.3,0.0,15.2,25.5,7.5,0
56.2,33.4,21.0,34.2,0.0,18.0,33.1,9.3,0
63.2,35.8,21.6,54.7,8.3,11.6,32.8,13.8,0
57.4,24.2,16.4,25.7,0.0,10.7,43.9,29.3,0
56.0,39.4,21.9,79.7,0.0,12.2,30.5,12.6,0
63.0,40.3,20.6,36.4,0.3,27.5,37.1,15.6,0
61.0,42.3,26.0,18.3,3.9,14.0,32.2,11.7,0
49.2,22.5,16.0,59.3,7.2,8.9,36.4,23.8,0
66.1,59.9,25.6,56.2,6.0,6.0,23.1,9.3,0
75.4,37.4,21.8,54.5,0.0,19.1,35.7,13.9,0
66.0,38.8,25.9,22.2,0.0,13.6,30.8,15.3,0
35.3,44.9,27.6,58.0,11.0,24.5,20.4,3.4,0
54.0,30.5,18.7,34.9,6.5,17.4,42.0,18.0,0
52.3,34.3,20.2,61.1,0.0,16.4,34.1,21.6,0
66.0,34.1,20.8,41.9,11.5,9.7,39.0,19.7,0
81.0,43.6,28.7,37.5,0.0,19.6,26.7,6.3,0
46.3,39.1,20.7,44.9,0.0,24.5,28.3,10.5,0
25.1,43.6,26.5,66.7,8.3,18.2,27.9,1.8,0
81.1,60.6,22.2,29.1,0.0,26.2,28.6,8.0,0
56.9,47.5,21.6,40.9,2.4,9.2,26.0,1.8,0
65.6,25.6,18.6,45.3,8.8,13.9,41.2,22.6,0
70.4,28.0,14.8,28.7,1.0,20.6,43.4,23.6,0
86.0,36.9,26.6,32.8,1.6,20.6,31.7,10.3,0
57.9,50.2,24.6,28.2,0.0,12.9,31.3,6.0,0
45.5,39.7,21.8,7.9,3.1,19.2,33.6,11.4,0
57.6,28.2,20.7,36.1,0.0,10.7,35.1,18.0,0
48.6,35.7,17.8,0.7,0.0,19.4,31.3,12.1,0
56.5,36.0,24.1,31.8,0.0,17.0,30.3,9.9,0
41.6,15.8,17.5,60.7,2.2,19.5,43.0,31.8,0
65.3,37.7,21.1,31.1,0.0,24.6,26.7,20.6,0
91.8,42.0,26.1,74.2,10.8,24.7,36.3,8.1,0
56.7,31.0,22.0,35.8,0.0,10.7,35.3,17.7,0
63.0,41.8,24.7,12.5,0.0,10.2,27.0,8.2,0
76.3,35.9,21.4,62.7,1.6,13.4,38.7,23.4,0
55.9,31.3,21.9,6.0,4.7,14.7,33.9,12.1,0
42.4,34.0,22.9,19.3,6.6,29.8,34.4,13.0,0
27.5,36.8,24.9,40.1,11.7,21.1,29.5,10.3,0
60.6,43.0,27.6,57.2,3.7,12.0,29.5,2.1,0
52.5,47.8,24.4,62.0,2.2,26.0,20.0,2.8,0
61.6,34.7,25.5,25.2,2.6,19.9,32.5,18.0,0
59.8,39.3,18.8,19.6,0.0,9.5,35.7,5.8,0
77.8,29.2,16.4,54.3,0.0,14.2,40.1,22.6,0
73.5,34.4,15.8,59.6,0.0,47.7,39.4,15.7,0
74.7,39.9,20.7,58.5,0.0,27.5,32.3,6.3,0
53.8,36.5,23.4,30.2,0.0,10.7,24.8,18.1,0
48.7,44.0,27.5,75.6,11.3,13.3,29.4,1.0,0
33.1,41.1,19.8,92.3,0.9,14.5,30.7,8.7,0
67.7,22.2,17.1,38.4,4.1,13.7,43.8,32.8,0
49.9,34.6,21.9,37.1,0.0,9.4,30.8,17.6,0
51.3,39.9,21.1,19.3,5.6,10.2,31.7,9.9,0
28.6,42.3,20.4,73.4,2.7,28.3,31.0,7.6,0
66.2,37.4,20.3,72.8,0.0,8.1,33.5,17.0,0
65.6,45.0,32.6,35.7,0.0,15.2,20.1,0.8,0
45.0,36.9,25.5,32.1,0.0,14.9,27.9,5.1,0
52.4,33.4,21.8,17.6,9.5,13.7,35.2,15.4,0
73.3,34.6,22.5,30.4,4.7,17.8,37.4,11.3,0
74.1,68.1,33.0,78.8,3.8,10.4,20.9,12.2,0
58.4,33.4,21.5,38.1,1.4,13.2,36.5,17.5,0
59.1,25.4,18.7,64.3,0.0,14.3,42.5,24.5,0
48.7,27.4,15.3,43.5,2.9,23.1,38.0,20.6,0
45.9,41.8,24.3,26.5,0.1,14.3,27.4,10.7,0
78.3,37.8,19.2,35.4,0.0,12.6,36.1,15.3,0
70.0,54.0,26.8,59.6,12.3,18.6,29.1,3.8,0
40.4,38.9,24.6,43.9,7.8,15.3,29.3,11.4,0
67.4,47.9,26.7,21.8,0.0,20.6,25.1,0.0,0
47.2,32.2,19.7,17.4,0.0,13.0,34.9,14.6,0
61.7,39.5,26.2,21.8,0.0,16.8,24.5,18.8,0
64.4,46.8,22.1,9.6,0.0,18.9,30.0,4.7,0
43.2,30.0,18.6,47.0,5.6,19.2,42.6,23.0,0
59.9,36.9,20.9,33.1,1.8,14.6,39.3,16.2,0
53.4,39.6,27.1,24.2,11.8,15.9,30.9,7.8,0
61.6,39.3,23.1,34.3,7.7,16.5,34.5,8.9,0
27.0,44.1,25.8,30.5,6.2,13.3,31.4,5.4,0
60.6,37.1,19.1,76.5,0.0,20.1,33.0,9.5,0
50.2,35.8,22.0,28.3,4.9,24.3,32.6,16.6,0
20.1,36.4,28.8,20.3,11.3,9.6,27.8,11.4,0
67.4,37.7,19.2,52.9,4.5,24.1,34.8,10.4,0
60.9,35.1,18.2,75.2,0.0,24.3,39.2,22.0,0
42.8,34.9,25.6,26.4,6.6,13.5,31.3,19.6,0
56.6,32.4,20.4,7.9,0.0,18.6,36.5,15.9,0
64.7,42.4,20.3,72.2,5.0,16.6,34.6,19.1,0
67.5,28.7,18.8,68.3,12.5,15.8,39.9,22.4,0
31.8,40.0,21.0,0.0,9.5,15.3,23.2,11.9,0
58.9,37.7,22.8,10.7,7.7,13.1,32.7,10.7,0
47.1,37.4,24.6,50.6,24.1,19.3,27.1,12.9,0
31.6,40.4,20.2,20.5,2.9,16.2,28.1,10.5,0
46.4,49.0,22.5,88.0,7.4,18.2,28.9,4.0,0
57.5,37.9,17.4,9.9,0.0,23.1,34.9,12.5,0
46.0,40.5,20.0,76.5,2.5,19.3,36.8,11.9,0
83.2,25.2,20.0,30.3,0.0,16.1,39.1,16.0,0
68.5,40.8,24.2,57.0,0.0,22.0,26.4,8.9,0
61.2,31.4,19.0,17.2,5.0,10.2,38.8,14.8,0
50.7,38.4,23.2,62.1,7.3,25.7,25.5,6.2,0
45.8,42.6,23.5,60.8,10.4,14.2,29.3,10.7,0
58.6,47.7,24.1,24.9,0.0,22.0,26.4,3.8,0
56.3,51.6,23.4,26.4,0.0,21.8,22.1,3.2,0
67.6,33.6,17.2,39.3,0.0,7.2,39.5,20.9,0
23.0,34.0,26.1,20.9,0.0,19.0,27.0,12.2,0
70.9,45.8,30.9,47.1,0.0,26.8,24.9,0.5,0
56.4,50.0,22.6,19.9,0.0,22.6,26.0,2.1,0
65.2,34.6,18.4,63.5,11.8,11.4,36.3,11.2,0
52.4,40.6,20.5,52.2,0.0,9.4,31.4,8.7,0
64.6,51.4,21.6,79.6,3.3,19.9,27.4,0.5,0
56.5,46.4,21.2,34.5,0.0,10.6,34.6,6.0,0
66.3,36.6,23.2,24.3,0.0,10.5,34.9,13.4,0
69.4,43.3,24.6,7.1,0.0,23.6,30.1,3.4,0
85.6,45.8,25.9,24.5,6.2,16.6,33.4,6.7,0
80.3,30.0,18.6,25.8,9.5,18.6,39.1,18.4,0
66.4,29.9,20.4,31.6,0.0,15.3,37.3,14.0,0
46.5,35.3,21.5,76.6,4.6,12.1,30.8,14.1,0
43.3,21.4,17.6,19.3,0.0,18.6,39.4,26.1,0
35.3,41.9,22.9,62.2,0.0,13.9,28.7,9.4,0
52.9,43.8,18.6,33.8,12.8,5.5,38.6,8.0,0
53.9,26.3,14.8,30.2,1.4,8.9,44.4,26.3,0
72.0,30.0,25.3,50.5,3.1,18.4,34.1,16.3,0
44.7,31.1,18.3,24.7,0.0,14.4,30.0,17.6,0
56.9,36.5,23.5,52.2,0.1,16.6,29.8,13.1,0
46.9,49.4,28.0,30.0,7.7,14.9,25.8,1.5,0
70.6,26.4,19.1,16.7,1.0,15.6,40.4,22.9,0
34.3,50.4,22.6,34.2,0.0,23.0,30.0,2.7,0
34.8,28.9,19.6,69.8,0.0,29.2,37.9,21.2,0
45.7,42.9,21.2,48.7,6.0,17.9,30.6,4.0,0
69.5,37.9,19.3,54.4,4.3,16.9,39.2,12.2,0
58.9,52.8,23.8,63.3,1.4,19.8,27.4,4.9,0
59.2,49.8,25.4,88.5,12.3,11.0,30.1,1.4,0
75.4,53.6,28.2,4.3,0.0,17.3,24.7,5.3,0
67.0,38.7,22.8,53.0,11.6,19.2,39.6,14.4,0
52.4,33.3,23.0,45.5,0.0,18.2,28.4,11.5,0
48.2,45.8,22.8,76.3,0.4,8.6,28.4,2.1,0
65.3,38.8,21.1,50.3,6.4,16.4,35.6,16.1,0
76.8,47.4,26.8,25.5,9.5,24.3,32.3,0.2,0
38.6,36.7,23.2,36.9,0.0,16.0,30.6,15.9,0
51.0,31.7,19.3,35.7,4.1,20.1,36.9,19.1,0
66.7,20.1,21.0,16.3,0.0,7.1,37.4,28.2,0
47.4,34.6,20.7,0.0,0.0,15.3,29.9,16.5,0
72.9,37.2,22.4,37.3,0.9,12.0,34.3,12.8,0
80.1,30.2,20.5,45.2,8.6,27.3,42.5,18.2,0
57.8,37.5,20.3,5.0,0.0,14.2,31.3,9.1,0
84.1,40.8,26.5,92.3,7.1,26.3,35.2,9.3,0
55.9,31.2,22.9,37.2,0.0,16.9,31.2,17.7,0
51.5,40.3,19.1,45.6,0.0,8.5,37.5,10.9,0
54.4,45.3,27.0,8.4,4.1,3.9,28.9,6.2,0
45.3,38.5,24.0,65.6,17.7,8.0,31.4,8.6,0
88.1,39.7,25.1,44.7,3.2,14.9,33.0,12.8,0
73.5,67.6,34.2,0.0,6.0,11.0,25.6,18.6,0
54.1,38.2,23.2,7.1,5.7,13.7,30.9,7.4,0
33.9,47.3,24.6,43.7,1.6,20.8,25.7,0.1,0
67.7,40.1,25.4,25.7,3.9,20.8,36.2,5.6,0
58.0,33.4,22.7,35.9,4.9,20.8,31.6,12.0,0
48.1,44.6,19.7,49.1,0.0,20.6,33.1,11.6,0
56.0,52.7,27.1,34.0,4.5,12.6,21.2,2.4,0
56.5,36.6,21.9,27.6,0.0,12.3,34.6,11.4,0
74.7,41.4,24.4,79.7,4.5,13.3,35.5,6.3,0
41.6,39.8,24.8,20.5,1.4,18.2,31.6,15.4,0
21.0,37.2,23.5,77.7,18.9,8.1,37.0,15.1,0
45.3,40.3,22.7,38.6,5.8,12.6,30.7,13.9,0
51.5,31.0,18.4,37.1,0.2,24.1,39.6,19.8,0
51.0,39.1,25.0,24.0,4.2,20.0,22.6,11.5,0
40.5,41.6,24.1,14.4,0.0,14.2,28.4,10.3,0
49.6,39.9,20.6,0.0,0.0,10.8,32.0,6.2,0
57.9,31.2,23.3,37.4,0.0,14.5,30.4,18.2,0
26.4,56.9,28.5,20.7,0.0,13.8,22.1,10.8,0
49.0,59.0,29.3,68.3,5.4,17.4,22.5,11.8,0
59.4,32.2,21.5,27.9,1.2,18.9,34.0,17.0,0
86.0,45.5,26.4,54.5,0.0,14.5,37.1,15.3,0
20.0,42.6,20.5,3.7,3.1,26.9,26.9,15.1,0
35.2,45.7,22.1,65.3,10.3,17.2,34.8,6.1,0
68.0,72.1,29.1,17.9,8.8,5.4,20.1,13.9,0
66.8,44.1,25.2,42.4,1.1,12.6,35.3,13.9,0
45.7,24.0,18.4,74.4,2.7,14.3,42.8,25.7,0
83.8,20.9,18.6,24.4,0.0,17.2,44.6,26.1,0
9.7,40.7,28.5,31.0,7.4,10.6,27.9,4.5,0
63.6,46.2,25.6,21.9,7.7,16.9,33.0,5.7,0
33.4,48.7,32.9,43.5,0.0,18.7,24.2,1.2,0
64.6,28.1,19.4,39.0,1.9,10.5,43.5,26.0,0
53.0,41.3,23.0,59.3,1.2,9.3,34.6,8.3,0
61.4,30.9,21.2,26.9,0.0,13.7,36.1,14.8,0
69.3,34.9,25.0,30.0,0.0,14.5,31.0,14.8,0
61.9,33.6,23.6,16.1,0.0,11.0,33.7,12.8,0
78.4,27.6,20.6,47.5,4.3,11.0,43.6,28.6,0
44.9,40.8,23.3,61.1,0.6,23.9,23.1,15.2,0
33.3,47.6,28.2,21.1,0.0,25.2,20.6,13.9,0
67.9,38.4,23.1,67.1,2.3,14.1,33.4,9.4,0
42.9,36.2,25.2,45.0,0.0,13.4,30.6,18.0,0
57.2,44.4,26.3,35.9,0.0,13.4,24.6,9.9,0
54.5,40.5,20.9,44.2,0.0,25.1,28.6,5.6,0
71.1,39.2,19.8,49.4,6.4,5.3,35.0,5.4,0
59.7,34.2,21.9,25.8,0.0,25.6,35.6,17.2,0
60.5,39.3,26.3,25.5,0.0,11.9,28.0,8.6,0
58.5,40.5,18.8,2.4,2.7,16.9,31.9,10.3,0
77.0,40.9,25.1,50.9,0.2,12.6,28.1,10.3,0
42.2,29.3,20.1,10.3,1.1,14.4,39.9,21.1,0
31.9,60.3,25.9,8.1,6.5,13.7,20.9,1.0,0
54.9,37.5,27.4,39.5,7.7,30.6,24.2,8.6,0
30.9,37.1,21.8,69.6,4.6,11.1,27.1,9.6,0
63.2,27.4,23.7,27.3,0.0,14.6,34.6,21.4,0
52.8,34.8,20.3,47.5,6.9,18.2,32.0,16.4,0
67.2,58.6,28.6,38.6,0.8,22.3,20.2,8.7,0
48.2,33.0,21.2,65.1,5.1,14.8,39.5,17.7,0
45.7,38.8,20.1,50.7,1.3,17.1,28.3,8.3,0
48.6,50.7,26.0,41.6,0.0,11.4,28.2,1.5,0
66.0,25.3,16.4,65.0,1.3,17.6,41.6,27.0,0
77.9,38.4,26.8,4.2,0.0,9.9,26.4,4.9,0
55.7,28.0,20.9,2.5,0.0,28.3,35.4,21.9,0
49.3,46.4,26.4,29.8,0.8,21.2,22.7,4.0,0
58.2,38.8,24.2,24.0,0.7,9.8,31.1,20.1,0
63.6,47.4,21.6,30.6,6.6,6.0,34.9,6.9,0
42.7,46.8,22.1,27.3,1.6,17.3,25.4,0.3,0
46.5,35.1,21.5,1.7,0.0,21.2,35.6,14.2,0
34.7,45.1,21.4,82.0,9.6,13.2,28.5,6.5,0
67.6,28.9,20.2,52.5,10.9,16.9,39.0,19.2,0
48.8,38.9,19.3,63.5,8.6,8.9,33.5,10.2,0
67.1,31.1,19.1,26.7,2.4,13.2,39.2,22.1,0
66.5,35.6,20.3,64.9,1.0,9.5,32.9,9.9,0
39.6,34.3,23.9,42.0,3.7,10.1,33.6,12.9,0
69.4,22.8,19.1,41.7,6.9,17.0,45.1,26.5,0
78.2,38.1,22.4,31.9,0.9,12.7,35.3,16.8,0
56.3,54.7,29.6,29.0,12.4,24.5,23.1,1.4,0
63.0,41.3,25.5,29.6,0.0,16.3,28.4,9.7,0
55.9,36.3,20.6,75.2,8.7,8.9,35.3,8.3,0
33.0,34.7,18.3,67.3,2.2,17.3,35.4,18.6,0
35.4,14.6,16.9,47.8,1.4,18.3,45.3,32.9,0
37.3,36.3,21.9,0.0,0.0,20.8,29.2,15.4,0
83.3,49.1,21.8,43.0,0.0,12.1,36.8,9.7,0
82.6,52.1,27.3,28.0,11.1,17.5,28.2,3.4,0
28.2,48.2,27.5,69.6,8.0,11.4,30.8,6.2,0
56.5,46.0,22.2,85.4,5.5,17.6,32.8,11.0,0
67.2,35.9,24.0,20.8,9.7,23.7,36.2,13.3,0
56.8,38.4,23.3,1.0,0.0,14.8,28.5,13.4,0
75.1,45.8,26.1,19.4,9.6,12.5,32.0,10.4,0
52.3,63.4,22.4,73.2,11.2,13.5,25.1,3.8,0
52.1,23.1,17.4,51.9,0.0,23.3,40.4,26.4,0
58.2,33.1,23.9,48.9,6.0,8.9,34.7,14.9,0
55.7,51.2,21.9,7.6,0.3,22.0,27.8,3.6,0
57.5,48.0,23.4,35.3,13.9,9.2,36.3,5.2,0
69.3,52.1,28.3,27.9,0.0,19.4,25.0,1.0,0
46.9,30.5,16.5,56.1,8.9,20.1,39.4,22.6,0
51.1,40.4,21.9,13.1,5.3,11.8,31.9,7.7,0
70.5,43.8,26.5,29.2,7.9,11.4,29.4,5.9,0
52.7,29.4,17.7,52.7,0.0,14.7,39.7,15.8,0
50.7,40.9,23.7,20.7,0.0,13.3,25.0,12.6,0
62.0,38.1,23.6,11.1,0.0,16.2,27.8,9.7,0
47.9,43.5,21.7,81.2,5.9,15.4,27.5,7.1,0
50.5,38.1,23.3,6.2,4.6,13.6,34.8,11.5,0
50.5,38.4,20.0,62.7,10.7,15.0,28.4,14.7,0
41.7,38.7,24.7,24.0,0.0,18.7,26.6,3.8,0
54.0,31.4,22.3,17.3,0.0,16.5,33.3,19.2,0
48.4,49.5,29.6,0.0,14.1,21.7,20.3,3.4,0
58.5,74.2,33.3,16.5,14.5,15.5,21.7,24.7,0
72.4,40.5,22.2,58.9,2.3,13.4,34.5,13.1,0
70.2,36.7,22.1,18.9,6.5,15.7,36.0,9.3,0
92.6,37.1,22.1,27.1,2.0,13.7,37.3,12.6,0
41.7,26.3,20.5,79.3,1.1,14.3,37.0,20.6,0
50.6,33.3,22.4,19.7,0.0,27.3,32.0,15.0,0
54.4,34.2,21.2,41.6,0.7,16.2,33.2,14.6,0
33.8,28.2,19.4,6.7,0.2,13.0,34.3,21.8,0
83.7,24.4,17.3,0.0,0.0,20.3,39.2,23.3,0
62.2,35.2,27.0,22.9,0.0,28.3,27.5,11.8,0
36.8,78.8,31.2,0.0,7.6,11.1,23.7,28.4,0
54.4,38.3,31.0,23.0,0.0,13.9,21.0,9.2,0
56.8,44.3,22.9,6.1,0.0,14.3,27.0,8.7,0
37.3,26.4,19.6,46.2,0.0,13.6,33.8,21.0,0
56.0,46.5,22.1,77.2,6.7,18.8,30.0,6.2,0
61.0,39.9,23.0,62.0,0.0,15.6,33.7,14.2,0
93.9,29.0,18.9,22.4,3.8,9.3,43.7,23.2,0
37.0,30.1,20.3,74.1,1.3,25.1,33.8,16.3,0
67.6,40.1,27.0,0.0,2.9,14.4,29.0,6.8,0
58.2,45.7,28.7,32.3,2.6,7.2,25.6,1.6,0
64.9,33.4,23.3,5.8,0.0,15.2,23.2,7.3,0
53.8,60.8,25.0,30.0,3.8,17.9,26.1,2.5,0
60.9,35.7,21.3,60.8,0.0,18.2,29.5,13.0,0
75.1,21.9,17.9,63.0,4.6,17.7,45.7,28.0,0
68.5,37.0,21.6,45.1,7.2,10.4,35.5,14.2,0
35.4,46.5,31.0,42.9,0.0,17.3,21.7,2.9,0
44.2,35.8,25.5,26.5,2.6,17.7,23.4,12.3,0
71.9,24.3,20.2,62.7,0.0,21.8,37.4,24.4,0
63.8,42.4,22.9,19.5,4.4,12.3,33.1,11.9,0
50.3,26.7,18.1,28.1,0.0,17.3,35.6,24.7,0
25.9,23.4,21.2,70.7,18.6,18.4,44.8,22.5,0
26.3,22.8,19.0,46.5,12.4,14.8,40.8,25.2,0
75.8,35.6,21.0,20.1,0.7,9.1,38.5,17.4,0
42.0,45.5,25.2,58.0,1.4,21.1,24.5,0.0,0
60.1,30.3,16.6,32.4,2.4,11.9,41.1,20.9,0
49.7,45.1,26.4,81.0,9.7,19.3,29.8,2.8,0
59.8,42.6,17.4,26.5,0.0,19.8,36.1,4.8,0
53.3,45.1,21.0,59.3,0.0,25.8,28.5,7.6,0
50.8,47.2,27.7,55.1,25.2,21.4,27.6,1.8,0
70.4,42.1,24.0,34.7,3.2,13.3,29.0,4.8,0
68.7,62.7,22.7,6.4,0.4,14.5,26.2,2.3,0
42.0,27.6,20.9,5.3,0.0,13.2,32.6,20.6,0
54.0,32.1,18.9,38.5,1.9,5.8,34.0,19.7,0
72.3,28.2,20.9,53.5,10.3,14.4,41.3,26.6,0
69.1,37.1,26.0,16.0,0.0,16.3,27.3,14.6,0
21.2,42.9,23.6,0.0,0.0,19.2,22.8,4.4,0
45.6,46.4,27.1,39.0,0.0,11.2,23.2,0.1,0
58.3,36.1,19.7,38.5,5.2,14.5,30.5,17.0,0
90.8,65.1,29.1,68.5,1.4,13.7,25.0,11.8,0
63.1,38.6,20.3,52.5,9.8,22.1,33.6,7.2,0
51.7,46.0,22.2,55.4,7.0,9.0,23.2,0.2,0
65.7,41.4,26.3,19.9,6.3,16.5,30.8,6.8,0
52.5,30.1,23.8,45.0,0.0,11.6,29.5,17.4,0
66.1,39.2,26.6,22.9,3.8,11.8,33.5,10.3,0
35.4,26.1,19.8,52.7,3.0,30.4,33.8,21.7,0
40.2,38.5,22.6,38.7,8.7,31.1,33.4,10.3,0
25.6,40.7,27.6,34.7,3.2,17.0,22.6,4.4,0
59.5,28.4,21.2,72.8,6.6,16.7,41.4,24.1,0
86.8,48.1,23.1,65.5,12.3,15.7,33.8,15.4,0
57.8,35.4,25.0,41.9,0.0,19.2,28.4,14.4,0
48.9,42.3,23.7,24.3,0.0,11.0,27.8,6.8,0
72.5,28.1,20.6,73.0,6.5,9.4,40.1,25.0,0
71.3,38.1,19.5,30.3,0.8,10.4,38.5,13.7,0
46.6,34.4,21.1,25.4,0.0,13.8,32.9,15.8,0
71.0,36.9,25.9,43.6,0.0,16.0,34.4,14.2,0
80.6,56.3,25.7,61.8,4.7,31.8,32.8,6.3,0
72.2,46.3,23.3,57.6,10.2,14.2,30.7,3.8,0
82.8,28.8,22.0,37.7,0.0,10.5,38.6,20.4,0
89.7,28.2,18.8,31.6,0.0,19.7,44.7,16.8,0
75.3,37.4,28.2,37.7,0.0,14.0,30.3,7.3,0
63.3,22.1,23.0,18.6,0.0,13.1,37.7,22.4,0
69.1,30.8,17.2,53.0,0.0,16.6,41.0,17.8,0
59.6,56.9,32.1,0.0,1.9,12.5,21.3,12.7,0
51.2,68.2,28.3,30.0,5.1,22.3,20.8,15.2,0
82.8,59.7,30.2,34.2,6.9,15.3,22.1,9.3,0
72.7,39.4,26.4,9.2,0.0,14.6,25.8,11.9,0
73.3,22.5,15.8,45.1,5.5,20.8,46.4,28.6,0
44.1,31.8,20.5,37.9,2.0,10.1,42.8,26.9,0
63.5,34.0,22.2,21.5,0.0,9.6,35.0,16.4,0
44.5,35.6,20.5,17.5,4.9,12.7,38.2,22.5,0
74.1,42.6,25.8,93.0,9.3,18.6,32.1,5.4,0
44.1,48.3,22.0,40.2,0.0,15.2,26.0,9.6,0
28.6,41.0,23.6,46.4,7.3,12.1,27.6,18.7,0
33.4,40.4,21.0,11.7,1.2,12.1,28.2,16.7,0
73.0,32.0,23.0,61.0,8.1,20.0,36.9,13.9,0
57.5,22.5,18.5,46.3,4.5,18.7,43.7,26.8,0
55.9,27.0,20.6,9.3,1.1,12.3,38.6,17.9,0
49.9,41.7,23.7,25.8,0.0,20.4,30.9,4.9,0
41.2,29.6,22.8,20.2,0.6,23.7,31.8,17.2,0
59.2,39.7,23.3,22.6,0.0,14.8,31.9,13.6,0
58.9,44.7,21.9,44.2,12.4,14.6,28.7,8.8,0
71.6,29.1,20.5,34.7,2.9,14.8,40.6,24.9,0
43.6,20.7,18.7,14.8,6.3,19.1,41.5,28.7,0
75.5,55.0,26.5,65.7,22.0,31.2,25.2,4.5,0
42.7,31.1,21.8,4.3,0.0,10.2,31.1,21.0,0
65.1,29.5,21.6,79.3,6.6,19.6,40.2,19.2,0
46.4,26.6,19.4,35.4,7.1,15.9,39.7,21.3,0
79.0,19.1,15.7,53.8,0.0,15.8,44.3,31.8,0
59.8,48.5,22.6,14.5,3.3,14.2,27.6,3.2,0
30.6,36.6,21.8,10.4,0.0,16.7,27.6,14.6,0
54.4,39.6,23.6,43.3,15.5,21.1,28.8,12.1,0
46.1,39.8,21.6,5.1,0.0,4.2,31.0,7.7,0
43.9,40.3,21.0,35.7,2.4,12.3,28.7,12.7,0
57.7,30.1,18.3,22.6,0.0,9.4,34.7,18.3,0
93.2,13.6,22.6,34.6,0.0,30.0,41.5,33.9,0
87.1,39.1,18.2,41.1,0.0,18.1,25.9,14.2,0
87.0,29.8,29.0,41.1,2.2,28.0,32.9,19.4,0
73.9,42.1,21.3,63.5,2.9,26.8,22.4,11.5,0
45.3,40.4,31.0,33.2,0.0,11.7,32.7,16.1,0
63.0,31.6,22.9,64.9,0.0,44.2,32.7,15.3,0
54.6,51.2,27.6,24.9,0.0,5.3,37.3,3.8,0
100.0,15.4,19.7,22.5,0.0,30.0,41.1,29.5,0
100.0,16.1,18.1,83.2,12.1,30.0,54.3,34.5,0
45.0,55.2,32.3,58.0,12.4,10.9,29.7,4.7,0
100.0,6.8,18.8,62.5,15.9,30.0,48.7,42.6,0
80.1,35.1,22.0,17.0,0.9,30.0,39.7,21.6,0
100.0,5.9,14.6,98.0,15.6,30.0,59.5,42.1,0
100.0,6.3,20.4,67.2,11.8,30.0,52.7,42.0,0
100.0,14.1,22.5,99.9,28.2,30.0,55.2,37.4,0
94.4,22.0,28.1,91.3,37.0,30.0,52.9,29.0,0
100.0,22.6,15.0,96.0,15.2,30.0,56.8,31.6,0
94.8,42.4,22.2,30.7,4.9,30.0,40.8,16.5,0
66.4,22.4,20.2,11.1,0.0,30.0,36.7,22.8,0
81.0,51.9,31.0,75.4,6.9,23.2,27.5,9.6,0
83.4,32.1,23.2,78.5,13.8,30.0,39.0,14.9,0
92.9,30.5,28.4,100.0,38.5,30.0,46.6,21.8,0
67.4,26.5,21.3,81.6,5.8,17.6,44.1,20.9,0
98.7,21.6,20.5,96.1,16.6,30.0,51.5,27.0,0
100.0,14.0,22.7,100.0,35.0,30.0,57.7,35.9,0
100.0,13.5,23.5,66.9,19.1,30.0,48.9,34.4,0
100.0,12.9,21.9,26.8,0.0,30.0,47.8,33.6,0
77.5,33.1,15.9,38.7,0.0,17.4,36.2,20.7,0
77.8,36.9,25.5,39.7,0.0,22.0,30.9,17.4,0
88.7,46.6,17.4,33.7,1.8,30.7,38.4,8.7,0
88.8,35.4,18.5,5.9,0.0,30.0,33.8,9.8,1
88.3,20.7,15.3,18.5,0.0,30.0,38.5,25.8,1
61.6,51.3,21.2,0.1,7.2,19.8,22.4,7.6,1
78.4,26.5,15.2,34.8,0.0,16.8,38.8,25.6,1
71.6,18.7,15.2,25.6,0.0,30.0,41.6,28.3,1
81.8,30.1,15.1,65.7,0.0,7.6,32.2,24.0,1
60.5,52.4,19.8,52.0,0.0,17.7,21.8,7.1,1
34.5,43.5,40.7,19.5,0.0,11.1,24.6,2.2,1
93.9,11.3,13.6,44.7,0.0,30.0,43.0,34.7,1
85.4,24.1,16.3,0.0,0.0,30.0,32.1,23.4,1
91.3,24.8,16.4,27.6,0.0,30.0,29.3,19.4,1
11.6,28.2,13.4,73.7,0.0,12.2,26.2,27.1,1
80.8,28.1,18.4,11.2,0.0,30.0,27.5,16.4,1
97.5,54.2,25.5,44.8,0.0,30.0,24.5,7.5,1
79.4,23.0,19.1,29.5,0.0,30.0,25.4,22.7,1
85.5,37.3,21.0,42.1,0.0,30.0,21.2,10.2,1
42.2,22.5,34.9,54.9,0.0,20.2,34.3,24.8,1
61.0,36.4,21.8,31.6,0.0,15.3,21.3,11.2,1
96.6,32.1,13.6,57.5,2.2,30.0,42.9,18.4,1
90.3,41.8,28.8,32.0,0.0,30.0,26.2,18.2,1
48.2,41.4,26.3,60.6,4.7,5.8,25.6,16.8,1
46.4,40.5,30.0,62.9,6.6,28.1,31.3,3.0,1
73.5,26.8,14.0,47.6,3.1,3.0,46.3,10.8,1
83.3,17.0,15.5,11.2,0.0,30.0,36.0,28.9,1
77.2,34.5,18.3,38.7,0.0,12.2,36.6,18.8,1
64.6,32.4,14.1,71.2,18.4,30.0,34.2,4.5,1
65.4,34.9,15.7,71.1,0.0,10.1,30.9,16.7,1
63.1,31.8,13.4,57.0,9.5,18.9,41.6,21.7,1
73.0,20.9,15.4,15.7,0.0,30.0,35.4,25.3,1
83.6,17.9,15.3,0.0,0.0,30.0,35.8,28.2,1
48.0,35.7,23.2,16.8,4.8,30.0,29.4,21.9,1
99.7,39.6,20.7,62.5,0.0,21.7,27.2,15.5,1
99.9,39.5,21.0,42.2,0.0,25.7,28.5,21.9,1
96.1,40.1,20.5,47.6,0.0,29.4,30.5,18.6,1
82.5,52.2,25.7,42.6,0.0,30.0,31.8,2.8,1
100.0,36.9,22.0,41.7,0.0,30.0,34.8,9.6,1
100.0,26.5,18.4,27.3,0.0,30.0,42.7,22.0,1
74.0,61.7,26.5,49.4,6.2,30.0,27.6,1.1,1
93.6,48.5,22.2,4.0,0.0,30.0,34.2,1.8,1
83.8,17.1,15.0,16.9,0.0,30.0,37.9,30.3,1
86.1,14.8,15.6,13.5,0.0,30.0,37.0,30.1,1
90.8,17.3,15.2,0.0,0.0,30.0,37.7,28.4,1
38.0,37.6,26.8,30.5,0.0,30.0,33.3,8.0,1
91.2,15.8,14.9,0.0,0.0,30.0,38.3,29.9,1
83.6,13.6,15.5,12.6,0.0,30.0,35.9,32.4,1
93.0,15.7,16.1,3.2,0.0,30.0,35.2,28.4,1
87.4,16.3,14.3,0.0,0.0,30.0,39.2,29.3,1
62.4,6.8,14.7,86.2,18.3,30.0,57.3,43.3,1
36.6,34.0,16.0,32.5,0.0,30.0,32.6,22.6,1
89.9,14.3,15.4,14.3,0.0,30.0,36.9,31.9,1
73.4,25.3,13.4,76.3,0.3,23.0,41.6,26.0,1
73.8,15.2,15.6,1.8,0.0,30.0,34.8,29.7,1
78.9,26.5,15.8,31.1,9.0,10.6,40.6,17.4,1
78.4,25.1,22.2,32.9,0.0,30.0,23.8,20.3,1
94.2,19.5,15.1,19.4,0.0,30.0,38.4,26.0,1
39.0,36.8,22.5,48.6,0.0,5.5,25.9,16.5,1
30.1,46.9,28.5,28.8,0.0,4.8,21.3,7.2,1
31.5,38.9,27.5,75.9,5.3,10.0,21.4,16.0,1
42.9,38.5,23.2,66.9,2.4,6.4,32.1,14.7,1
34.8,47.2,29.7,22.5,0.0,12.8,24.2,11.7,1
40.4,39.6,26.6,79.5,4.8,9.6,30.1,15.9,1
52.1,44.0,22.6,34.1,0.0,7.2,26.8,15.9,1
33.1,40.4,28.3,24.9,0.0,10.4,21.8,8.9,1
39.0,40.2,28.1,22.4,4.3,9.3,24.4,10.1,1
37.7,41.9,28.3,35.9,7.7,20.9,23.6,16.9,1
36.6,41.3,27.2,25.5,0.0,8.8,26.1,9.9,1
32.4,42.4,28.8,27.2,2.5,12.3,21.3,3.9,1
33.5,39.5,28.8,28.1,1.8,7.7,20.1,8.1,1
30.1,44.2,30.8,43.6,0.0,13.0,21.8,5.1,1
32.3,43.7,28.7,33.8,1.3,9.8,20.8,7.4,1
46.8,42.2,25.1,37.9,9.0,9.3,30.8,7.3,1
30.1,42.2,28.2,24.1,0.3,8.3,20.7,5.8,1
34.3,42.8,28.2,32.7,3.3,7.6,21.5,5.4,1
30.7,39.8,26.7,31.4,1.9,5.1,25.3,7.8,1
38.3,39.0,29.0,42.3,6.3,8.2,23.8,7.7,1
41.1,44.8,28.2,12.2,12.5,10.9,23.2,1.2,1
33.0,38.5,28.1,34.6,3.8,9.8,24.2,11.5,1
41.1,33.3,23.0,15.0,1.8,5.5,34.5,13.3,1
35.8,45.0,27.7,11.2,1.1,10.2,20.9,10.2,1
31.8,38.9,30.6,33.3,2.7,12.7,21.1,6.1,1
35.8,45.5,30.0,20.4,0.0,6.3,20.1,7.0,1
35.8,42.3,29.3,25.6,0.0,7.5,21.7,6.6,1
39.0,33.7,25.8,26.6,0.0,13.8,27.8,19.2,1
34.4,42.0,26.4,36.6,0.0,6.3,28.8,6.6,1
36.7,40.3,28.8,25.0,2.6,6.2,23.4,7.6,1
35.7,30.3,23.4,19.2,0.0,7.5,31.7,19.3,1
42.9,40.8,26.9,37.7,12.2,7.3,31.3,6.7,1
27.8,36.2,29.2,36.1,0.2,9.9,21.3,8.4,1
33.8,43.9,28.8,72.0,4.7,8.0,23.4,5.5,1
34.9,40.9,28.7,29.0,0.0,6.8,23.6,7.4,1
37.4,35.5,27.7,33.2,0.6,10.2,25.6,12.9,1
32.4,38.4,27.3,25.2,0.0,11.2,22.6,9.4,1
40.8,32.7,25.9,30.2,0.0,9.0,29.6,13.4,1
40.6,36.4,27.3,32.7,2.3,7.2,28.4,15.9,1
34.2,50.2,31.1,28.8,0.9,11.0,20.2,1.4,1
41.8,33.4,24.5,18.4,5.7,13.7,35.1,18.2,1
37.3,37.6,23.7,12.1,0.0,8.1,30.1,13.6,1
45.0,38.0,29.2,45.7,20.0,8.1,31.1,10.0,1
37.0,41.8,26.9,29.1,4.5,15.5,24.8,9.8,1
31.1,47.2,30.6,32.2,0.0,11.6,20.2,5.7,1
34.2,43.2,29.5,28.3,3.5,8.1,22.3,7.1,1
35.9,56.7,29.7,26.8,2.2,5.7,21.0,5.7,1
35.3,44.3,29.0,25.5,0.5,10.5,22.0,6.4,1
34.8,46.0,30.2,77.8,7.7,13.7,20.4,3.4,1
33.5,27.6,26.6,26.6,0.0,10.6,23.7,20.1,1
34.5,31.5,26.3,39.2,0.0,8.9,30.2,17.8,1
30.4,45.1,29.7,28.7,3.1,11.4,20.9,3.1,1
43.1,38.5,25.9,13.9,0.3,9.2,26.4,15.3,1
35.7,33.4,27.1,37.4,4.9,9.7,27.4,16.5,1
34.2,34.8,25.7,22.8,0.0,8.4,26.6,15.6,1
29.3,40.5,28.7,34.5,0.5,12.0,22.9,8.8,1
29.1,46.0,31.6,31.0,0.0,8.8,22.9,4.1,1
39.9,56.2,30.9,26.3,0.4,10.9,20.7,5.7,1
44.7,40.6,27.5,24.7,0.0,7.9,20.7,12.2,1
33.4,56.9,31.8,37.7,5.9,9.0,20.1,9.2,1
27.2,43.0,28.6,40.6,3.5,11.7,21.2,7.2,1
39.0,45.9,26.5,35.2,0.9,10.2,25.0,3.8,1
34.6,45.8,31.1,27.4,3.2,12.9,22.3,2.8,1
41.7,44.2,29.1,38.6,2.1,8.7,24.0,6.0,1
33.9,45.4,27.6,29.5,0.0,6.1,22.5,6.7,1
38.1,58.3,30.8,21.8,1.7,9.3,21.2,4.6,1
48.2,35.0,24.3,31.1,0.0,6.3,32.0,19.4,1
36.0,41.4,29.6,22.8,0.0,9.8,21.6,9.6,1
37.4,43.9,26.8,25.7,0.0,7.8,25.1,7.1,1
27.2,42.5,27.9,40.1,8.4,10.9,24.8,8.7,1
37.6,38.8,28.2,27.3,0.0,9.0,25.2,16.6,1
36.9,42.3,30.0,28.9,0.0,10.7,21.7,7.9,1
30.4,36.6,25.9,72.0,7.9,12.1,27.7,11.9,1
43.1,46.1,29.8,23.3,1.5,9.6,20.4,3.3,1
40.2,45.6,29.2,22.8,2.1,9.2,21.0,6.1,1
36.6,47.1,32.2,38.0,0.5,10.8,21.7,6.7,1
30.2,38.6,28.5,26.5,0.0,8.5,20.3,12.1,1
39.6,41.0,26.3,26.8,3.8,6.9,29.7,6.1,1
37.4,29.0,24.1,31.1,1.7,4.5,35.6,20.0,1
42.8,36.4,25.2,28.4,0.0,10.1,28.7,18.5,1
37.6,51.0,30.9,31.8,0.9,14.3,20.5,1.5,1
26.4,32.6,26.9,32.2,0.0,8.3,25.7,14.5,1
38.4,42.6,24.9,22.7,4.5,8.2,33.3,7.1,1
41.4,38.5,25.1,40.5,1.1,5.4,31.3,11.1,1
37.3,31.2,25.4,32.1,0.2,11.9,30.4,19.4,1
44.9,32.1,24.9,41.8,6.2,11.3,33.2,15.8,1
45.3,58.1,30.8,18.1,13.5,7.2,20.4,9.7,1
39.5,50.8,28.4,18.2,10.0,10.1,21.0,0.7,1
37.2,33.8,22.9,24.1,0.0,5.6,31.7,21.3,1
45.5,28.6,22.9,39.5,5.7,8.9,37.9,19.0,1
36.2,48.5,30.7,27.0,0.0,5.7,20.8,6.3,1
31.4,44.0,31.8,30.6,2.2,11.6,22.0,4.1,1
33.9,37.3,27.1,26.8,7.7,8.6,26.6,10.8,1
32.6,34.0,27.1,19.7,0.0,7.8,23.3,17.3,1
47.8,43.9,28.5,25.3,13.4,10.0,25.1,0.4,1
33.3,33.7,27.8,37.9,0.0,9.9,22.8,15.9,1
31.1,43.8,27.4,37.3,0.8,11.6,22.9,7.6,1
38.3,59.6,31.2,24.8,2.7,8.0,21.1,7.3,1
40.6,57.8,31.9,22.9,1.1,8.5,23.6,2.3,1
29.5,37.6,26.9,31.6,0.0,7.1,22.1,9.5,1
40.7,38.8,28.9,24.8,7.7,8.3,26.7,7.9,1
29.4,25.9,24.1,32.4,0.0,10.7,28.3,24.0,1
35.2,43.6,27.6,40.4,4.4,8.0,25.2,9.7,1
34.5,38.2,29.5,28.3,0.4,10.8,22.6,11.8,1
40.2,44.5,27.2,31.7,3.9,14.9,22.2,6.6,1
36.6,39.0,28.0,28.1,6.8,8.9,27.1,6.1,1
30.0,41.0,28.9,30.1,5.5,11.4,23.7,6.8,1
35.0,40.3,27.9,27.5,3.5,8.1,24.3,9.2,1
35.6,33.6,27.1,33.6,2.9,8.3,27.7,15.0,1
42.3,36.6,25.6,70.5,6.1,11.2,31.8,13.2,1
36.2,38.2,25.8,35.4,0.0,11.0,28.1,10.6,1
31.6,39.7,26.9,31.0,0.0,13.8,29.1,11.1,1
37.2,47.1,29.9,22.2,1.9,6.6,20.1,7.5,1
41.3,40.1,28.7,23.9,1.8,10.4,20.9,8.4,1
42.2,48.5,27.5,15.2,9.6,10.1,24.2,1.0,1
28.7,45.9,30.2,25.3,0.0,10.7,21.9,2.5,1
39.0,42.8,28.2,27.6,0.5,9.8,21.4,8.4,1
39.1,35.9,26.8,15.2,2.1,10.0,27.8,16.1,1
40.5,39.9,29.5,20.2,1.6,8.5,20.7,10.0,1
35.3,37.7,25.6,32.8,4.4,11.9,28.7,14.6,1
35.6,49.1,32.7,28.2,0.0,11.3,23.5,2.0,1
49.5,44.9,26.5,32.5,0.4,11.7,28.2,9.1,1
42.8,44.8,29.8,39.0,5.2,10.8,23.8,4.8,1
33.0,45.0,32.7,28.1,0.0,9.8,22.5,6.5,1
43.2,40.2,25.5,32.0,7.6,9.8,33.2,8.4,1
46.0,53.4,30.4,32.8,7.2,8.7,21.2,3.3,1
34.5,44.9,29.8,34.1,6.5,7.0,22.0,5.0,1
47.2,31.5,27.3,33.3,4.3,9.4,28.3,16.7,1
38.5,48.8,26.9,28.7,1.7,9.8,26.4,0.2,1
37.1,38.3,25.5,22.4,0.0,12.0,29.6,13.7,1
38.4,31.5,22.5,29.4,2.4,9.6,36.0,18.5,1
27.2,35.5,25.8,43.2,2.2,11.7,26.1,15.6,1
30.6,38.8,26.7,30.0,0.0,6.1,24.7,11.2,1
41.0,31.0,22.6,18.0,1.9,5.2,34.0,18.0,1
37.6,31.4,21.6,52.9,7.0,4.6,38.2,18.3,1
25.9,42.2,29.6,29.1,0.4,7.3,20.6,5.5,1
39.6,37.4,25.4,12.9,2.7,10.4,29.6,10.3,1
33.5,51.7,33.4,25.6,0.0,10.4,24.4,1.3,1
34.9,43.5,27.8,37.4,0.0,10.0,21.1,7.6,1
34.6,43.7,30.2,15.8,0.0,5.8,20.1,10.0,1
30.0,45.6,31.5,25.2,0.0,9.1,22.2,3.7,1
33.7,45.0,29.4,25.4,4.0,6.9,23.8,5.8,1
48.3,29.0,23.9,36.4,12.3,9.6,37.5,20.6,1
45.8,39.4,25.5,33.4,0.0,10.4,31.2,13.0,1
38.9,39.2,25.4,33.4,8.4,11.5,32.5,10.1,1
31.8,35.0,29.5,30.1,4.9,10.2,23.2,12.2,1
34.0,35.3,25.4,75.2,4.1,7.2,30.5,11.8,1
33.4,43.7,29.4,68.4,2.0,9.1,22.7,6.5,1
32.1,47.6,29.6,21.9,0.0,8.2,20.2,3.7,1
33.1,50.0,27.5,29.1,5.1,9.0,27.4,1.4,1
30.3,43.8,30.2,26.7,0.0,6.6,20.3,4.9,1
37.0,41.1,30.0,32.4,9.4,19.6,23.9,10.5,1
31.3,43.4,31.0,18.8,0.0,11.4,21.8,3.3,1
45.5,45.2,26.1,27.6,1.1,9.3,29.3,7.1,1
40.3,30.0,25.0,81.3,13.4,7.2,34.0,16.1,1
29.6,40.6,28.1,25.1,0.0,9.9,22.0,9.3,1
39.7,39.3,28.7,27.9,1.6,10.9,26.1,10.3,1
46.8,35.3,26.1,33.8,17.4,15.3,32.9,12.2,1
33.6,51.0,26.4,28.2,0.0,7.2,24.8,1.6,1
35.6,60.7,30.9,27.6,1.6,8.8,21.7,5.7,1
40.6,53.8,28.0,18.5,0.0,8.1,24.6,0.3,1
32.7,45.0,30.7,23.6,0.0,11.5,22.4,6.7,1
34.4,35.8,26.4,32.8,0.0,7.6,27.5,13.2,1
29.9,38.9,29.1,35.9,12.5,8.4,26.3,8.3,1
34.3,43.1,29.7,22.3,0.6,7.5,20.2,4.7,1
27.4,40.9,26.7,27.7,0.0,7.3,25.3,12.0,1
38.7,44.3,29.1,13.5,5.5,12.5,20.2,5.8,1
37.3,43.9,28.2,22.9,0.0,7.1,22.3,5.7,1
37.0,44.9,25.0,29.0,5.0,8.4,30.8,6.3,1
33.8,51.8,31.4,36.0,4.2,7.8,21.5,2.6,1
32.2,43.3,30.0,32.0,1.3,8.9,20.0,8.3,1
35.9,46.8,27.2,69.2,6.6,5.3,25.2,4.1,1
43.7,30.3,24.5,32.5,0.0,10.4,32.2,21.2,1
42.1,44.2,27.3,29.6,3.8,15.4,24.1,4.5,1
30.0,43.1,28.8,25.6,1.8,14.3,20.5,5.2,1
33.3,43.4,29.0,34.4,1.9,10.0,20.3,6.0,1
32.5,42.3,30.3,25.2,1.9,9.9,24.2,4.2,1
34.3,48.2,29.9,38.4,1.2,9.7,22.8,4.0,1
39.6,40.9,25.9,65.1,6.4,5.1,30.9,8.6,1
40.4,26.4,23.4,15.6,0.0,5.0,32.7,21.0,1
31.4,36.9,26.7,31.3,0.0,11.2,26.1,15.2,1
30.3,35.1,27.9,25.5,0.0,6.4,23.4,17.0,1
48.8,47.0,29.0,39.9,15.5,8.7,25.6,2.4,1
37.8,35.1,27.0,27.5,0.0,10.9,20.9,22.1,1
47.4,40.1,27.6,30.3,1.7,11.4,22.9,11.3,1
38.4,46.1,27.1,23.7,1.6,8.0,23.0,8.6,1
42.3,42.1,28.4,19.3,0.0,11.4,20.5,10.2,1
43.7,45.9,28.1,19.7,0.0,12.9,20.2,5.8,1
41.9,41.0,24.8,20.3,0.0,6.4,26.1,12.3,1
42.5,42.8,25.8,22.9,4.0,6.9,27.2,9.7,1
40.6,44.4,27.0,17.0,7.8,6.9,24.4,11.2,1
39.6,44.0,26.5,23.2,0.0,8.0,23.1,11.3,1
43.1,37.7,28.4,17.3,0.0,12.2,20.8,18.5,1
41.1,48.9,27.5,20.9,1.7,6.9,20.2,4.2,1
48.1,49.5,27.4,22.7,1.9,7.0,21.9,4.8,1
40.3,40.9,27.9,20.3,0.0,14.9,20.1,11.2,1
42.2,42.4,27.4,20.3,0.0,6.0,23.0,9.7,1
45.6,38.0,25.7,24.7,0.0,8.1,24.5,13.6,1
33.8,42.8,30.6,33.2,0.0,7.6,21.3,5.2,1
36.6,40.7,26.0,34.2,7.3,5.4,30.8,8.7,1
34.1,41.9,28.9,33.9,2.0,9.6,22.3,7.2,1
35.8,33.1,26.5,30.9,0.3,12.9,28.0,14.0,1
31.0,42.3,29.4,58.3,0.0,9.5,20.8,5.6,1
35.4,45.6,29.3,31.4,0.0,9.1,21.4,8.1,1
36.9,44.2,28.8,34.6,0.3,13.5,20.5,6.8,1
36.6,38.3,28.0,27.2,0.0,7.3,21.3,14.9,1
43.4,31.6,26.7,34.2,13.3,9.1,33.0,13.7,1
34.5,55.8,27.4,33.8,5.0,6.9,21.9,5.0,1
32.6,39.1,26.5,32.5,7.7,4.9,29.7,12.1,1
38.6,46.5,30.0,82.2,0.0,10.9,20.5,6.6,1
28.4,46.5,30.3,22.9,0.0,14.1,25.4,5.6,1
37.1,40.6,25.7,38.2,5.5,14.9,26.2,7.8,1
33.9,40.4,27.3,50.6,0.1,9.9,29.9,8.7,1
41.3,43.2,25.7,26.9,0.0,8.3,27.7,9.4,1
28.9,42.1,28.4,28.2,0.0,11.5,22.2,11.0,1
32.4,30.7,25.6,22.6,5.7,14.1,29.2,18.9,1
36.1,41.6,25.9,66.9,6.3,11.3,27.6,5.6,1
32.3,36.4,26.2,23.8,0.0,7.7,26.3,11.3,1
40.0,38.7,27.7,43.3,6.4,16.7,28.5,14.1,1
33.8,32.1,25.4,62.7,1.5,11.0,28.4,16.6,1
44.8,33.5,25.2,36.8,15.5,9.4,37.2,14.9,1
28.4,31.1,27.1,33.3,0.0,6.7,24.2,16.9,1
40.8,37.6,26.5,75.3,2.4,7.4,26.5,8.7,1
41.7,31.7,23.5,24.1,6.6,13.7,35.5,18.4,1
35.2,41.8,28.4,34.0,0.0,8.6,22.7,6.8,1
41.3,38.5,26.1,35.3,8.9,18.4,35.4,13.1,1
30.7,40.0,29.2,30.3,1.7,7.3,20.7,7.5,1
37.3,30.8,22.7,31.6,4.2,9.8,35.3,18.6,1
25.6,41.5,28.6,32.7,4.0,11.1,22.9,6.4,1
31.7,41.5,28.0,33.5,0.0,10.0,22.0,8.2,1
33.0,50.2,30.4,28.5,0.1,9.5,21.7,3.6,1
34.7,40.5,29.4,23.1,0.8,14.8,25.3,7.9,1
32.1,51.9,27.1,30.2,4.4,9.4,24.1,0.0,1
30.5,37.4,28.0,34.5,7.1,6.6,26.5,9.6,1
31.0,37.4,28.7,16.8,0.0,8.1,20.4,10.4,1
37.6,41.7,32.8,26.2,1.2,10.9,23.5,10.1,1
32.4,32.3,22.9,36.0,2.6,7.4,34.6,17.6,1
33.8,41.5,28.3,23.4,2.6,12.2,20.4,9.8,1
37.0,40.4,25.9,29.6,1.6,6.5,26.5,11.0,1
50.3,34.8,26.8,28.8,11.2,12.6,29.3,8.8,1
36.2,42.6,26.6,11.3,2.8,9.1,25.4,9.4,1
48.8,42.8,25.6,37.9,8.5,16.8,29.6,6.8,1
35.3,43.9,31.5,24.4,0.0,8.7,22.6,5.1,1
35.7,42.2,27.3,28.4,2.1,6.4,21.8,7.1,1
39.5,46.9,30.4,16.5,0.0,11.4,24.3,6.3,1
30.9,46.3,27.3,18.9,5.5,8.8,27.6,3.9,1
33.9,49.2,28.5,38.6,2.8,8.8,21.6,2.9,1
28.8,39.7,28.9,31.9,0.0,11.9,20.7,9.7,1
36.8,38.9,28.0,29.9,0.0,9.1,22.2,12.8,1
31.2,42.0,28.1,30.9,0.0,8.9,22.5,10.7,1
33.1,49.6,28.6,25.9,14.9,18.5,24.5,0.7,1
37.3,56.9,29.2,22.7,6.4,8.3,21.0,2.9,1
41.8,54.1,28.1,52.2,8.4,9.9,21.8,1.5,1
38.9,45.1,28.4,23.6,6.0,11.0,21.6,6.5,1
46.1,40.2,29.0,22.3,1.0,10.9,20.6,6.9,1
35.8,34.8,25.6,29.4,0.1,13.2,30.0,16.5,1
29.1,46.0,30.5,37.0,3.1,17.4,21.6,4.1,1
53.7,51.2,26.4,30.1,8.0,11.6,26.5,2.6,1
34.7,45.5,28.9,31.2,0.0,5.2,24.0,4.8,1
29.7,31.8,26.7,36.7,3.3,7.8,27.1,12.9,1
32.2,40.3,28.1,33.1,4.9,7.8,24.2,6.9,1
32.9,42.1,28.6,93.1,8.2,8.7,25.3,6.2,1
49.5,33.0,23.5,36.1,9.3,6.6,36.4,16.2,1
36.1,37.3,27.2,33.6,0.0,10.8,24.9,13.6,1
33.2,45.6,31.4,25.3,0.0,10.8,22.4,5.0,1
30.5,43.2,32.6,28.9,3.9,10.7,21.2,4.9,1
30.0,43.6,32.0,45.7,0.0,9.4,22.0,4.0,1
32.5,43.8,29.1,20.5,0.0,9.9,21.2,5.6,1
30.7,32.8,29.3,35.7,0.0,13.0,20.1,16.5,1
31.4,40.7,28.9,20.5,0.0,6.2,22.0,6.9,1
33.1,36.5,27.6,28.3,4.9,3.9,27.3,10.5,1
33.3,53.3,29.9,22.8,2.3,8.2,22.0,3.6,1
37.3,49.0,28.9,28.3,7.4,6.6,25.4,1.3,1
49.5,29.5,22.3,33.4,7.3,8.1,38.5,19.4,1
38.1,36.3,27.7,37.3,3.2,9.3,27.1,12.3,1
44.7,34.1,23.0,26.8,0.4,7.9,32.3,15.8,1
34.0,54.9,30.3,24.1,3.1,10.5,21.6,5.8,1
39.4,29.4,25.2,32.7,5.4,10.9,33.3,16.3,1
35.6,40.5,31.6,28.7,3.4,12.7,20.9,4.1,1
37.5,54.2,30.0,17.4,0.8,9.9,22.1,2.1,1
38.7,44.3,29.7,20.3,0.8,9.4,21.7,7.8,1
37.5,58.3,30.5,14.3,3.0,6.5,22.8,5.8,1
36.8,43.5,29.8,19.7,0.4,8.4,22.6,8.1,1
37.5,44.2,30.4,25.4,3.1,9.5,20.3,4.2,1
43.4,36.9,24.7,37.1,7.5,9.6,34.7,9.3,1
41.7,29.4,24.3,37.4,0.0,17.5,32.1,22.7,1
25.1,39.3,30.6,35.6,0.0,9.3,21.9,9.4,1
46.9,32.8,23.7,22.1,6.3,6.4,35.1,17.1,1
37.0,39.8,27.8,18.3,6.5,12.4,22.1,9.2,1
38.6,50.8,28.7,16.5,6.7,11.6,20.6,1.2,1
30.7,38.6,25.0,22.1,0.0,4.2,28.8,9.4,1
39.5,28.2,23.4,37.7,0.0,17.5,31.8,19.4,1
42.0,50.8,28.1,25.0,14.1,12.2,25.0,0.9,1
33.6,37.8,26.6,21.9,0.8,8.4,26.2,11.3,1
35.5,40.3,28.4,36.1,0.0,10.5,22.6,10.0,1
39.9,35.5,26.9,21.7,0.0,4.6,24.0,14.8,1
28.8,44.3,30.3,21.5,0.0,8.6,22.5,5.8,1
34.2,38.7,29.0,32.8,0.0,8.3,22.4,10.4,1
31.8,49.9,29.0,22.7,1.2,9.0,21.3,0.2,1
31.0,36.0,28.9,25.0,1.7,15.2,20.7,12.7,1
46.6,35.6,26.8,31.5,0.0,6.1,30.8,18.1,1
42.1,31.4,23.3,22.9,1.1,9.6,34.9,18.7,1
38.3,56.6,29.3,33.2,3.6,8.8,23.2,7.3,1
43.9,33.9,26.3,9.0,0.0,13.9,24.7,21.1,1
37.6,28.1,22.4,26.0,5.0,6.4,36.6,19.1,1
38.6,34.0,25.3,42.1,1.1,14.2,31.2,20.5,1
34.7,45.2,31.6,28.3,2.1,11.0,24.0,7.3,1
34.3,32.4,25.8,26.6,0.0,14.8,26.2,14.7,1
29.0,43.3,29.6,31.4,1.4,8.3,21.0,7.4,1
30.0,36.6,30.5,27.0,0.0,13.0,20.2,11.2,1
40.9,38.5,24.0,13.3,4.5,11.3,32.9,10.4,1
37.3,44.6,26.6,27.2,5.7,5.3,25.5,10.1,1
34.6,26.8,25.3,28.0,0.0,11.2,26.2,26.1,1
34.2,38.7,26.2,31.2,0.0,9.7,24.9,13.7,1
35.7,31.8,25.1,32.8,1.2,10.5,27.9,22.5,1
32.6,43.6,26.0,32.7,4.0,10.1,25.1,8.1,1
42.4,34.5,24.5,31.6,0.0,6.7,28.4,22.3,1
40.2,36.5,26.6,32.1,0.0,8.7,28.7,19.0,1
34.5,45.4,31.5,34.6,0.0,11.5,21.6,6.2,1
34.6,31.4,27.4,21.9,0.0,7.2,27.7,20.2,1
52.0,36.2,23.0,37.5,5.5,6.1,37.0,13.8,1
34.0,43.2,31.7,23.5,0.7,7.2,22.9,4.2,1
39.1,33.6,27.1,21.1,0.0,9.2,24.5,17.2,1
33.7,40.1,30.8,28.2,1.3,11.2,20.8,9.7,1
43.3,45.6,24.3,75.9,5.6,4.8,25.4,4.7,1
42.1,37.1,23.3,66.0,6.0,7.3,32.5,15.6,1
45.5,40.8,24.3,73.2,2.7,7.6,30.5,9.4,1
42.7,39.5,25.0,83.8,5.5,7.5,30.0,10.9,1
43.4,45.2,24.6,79.5,6.5,7.6,29.3,6.2,1
44.4,35.2,22.7,24.1,2.3,5.8,32.0,14.1,1
44.6,46.8,24.6,84.3,8.5,8.6,27.9,6.5,1
40.0,39.2,25.3,66.9,4.8,7.1,29.4,10.6,1
41.4,44.9,24.7,56.3,9.3,8.8,27.8,6.5,1
40.6,36.3,22.8,64.0,6.1,7.5,30.9,14.2,1
43.7,54.9,27.7,68.9,11.6,11.7,23.5,2.2,1
43.3,35.0,22.0,81.4,2.8,7.6,32.9,15.7,1
37.6,42.7,24.2,61.5,7.4,7.5,28.6,8.2,1
47.0,59.2,27.1,82.9,11.4,8.4,23.5,6.2,1
43.3,40.2,22.7,33.1,4.6,5.6,29.8,12.4,1
36.8,41.4,26.8,26.1,7.5,14.1,31.0,11.5,1
34.8,49.6,31.2,20.8,2.5,9.6,22.9,0.3,1
31.6,36.8,30.4,31.0,2.8,12.2,20.4,9.3,1
29.8,42.4,27.3,31.5,4.8,14.8,24.2,5.0,1
32.6,43.2,28.3,43.8,4.2,8.8,23.1,8.1,1
33.4,31.1,26.2,29.4,0.0,8.6,28.4,19.6,1
32.9,36.4,27.6,36.4,3.4,11.3,24.1,17.5,1
38.6,40.5,27.5,20.3,0.0,7.8,24.8,13.6,1
36.6,41.7,28.4,42.2,1.7,16.5,20.6,6.1,1
33.0,41.7,28.7,19.9,11.7,8.3,24.5,6.5,1
31.9,41.5,29.3,27.0,3.0,12.0,21.0,7.5,1
44.8,36.1,24.2,28.2,0.0,7.8,33.6,15.4,1
36.7,46.8,27.2,19.4,0.8,8.4,27.2,6.0,1
35.3,43.7,31.1,35.2,1.9,9.9,20.2,4.6,1
43.3,49.7,28.3,32.1,7.3,10.5,23.0,2.7,1
33.3,42.3,28.3,20.6,3.4,12.4,20.6,6.6,1
32.3,42.2,28.4,20.4,5.6,11.3,20.4,6.3,1
44.5,45.7,28.8,16.4,0.0,9.4,21.5,9.9,1
34.8,47.6,31.8,17.8,0.4,9.1,24.0,3.9,1
33.8,42.3,30.8,14.5,0.8,10.3,22.8,9.6,1
46.6,45.2,29.6,18.9,0.0,10.2,20.2,8.6,1
42.7,49.3,28.7,16.6,0.0,8.5,22.4,5.4,1
36.8,55.9,29.4,21.4,0.0,10.4,20.8,1.0,1
43.6,45.3,27.1,19.8,0.0,8.9,25.0,8.6,1
40.6,57.4,31.8,18.4,5.7,5.7,21.9,1.3,1
40.5,46.8,23.7,22.3,0.0,10.7,23.9,12.1,1
39.7,36.5,24.0,43.4,5.5,9.9,32.0,14.4,1
39.3,37.6,24.9,68.2,0.0,6.1,28.4,12.6,1
41.4,23.6,22.9,28.9,0.0,14.2,31.0,25.7,1
31.3,40.5,27.8,30.8,7.2,4.0,25.7,8.3,1
42.4,34.9,23.4,13.1,0.0,6.3,30.6,20.8,1
37.7,44.6,26.8,79.3,9.6,6.6,31.3,6.4,1
38.1,43.9,30.2,31.1,3.9,7.1,21.3,5.1,1
40.9,33.6,21.9,18.9,5.4,9.7,38.9,16.9,1
37.3,42.1,28.7,20.4,0.0,6.7,22.5,11.7,1
38.4,37.0,26.7,33.0,1.9,9.9,30.1,10.9,1
34.6,40.6,27.9,27.7,0.0,8.6,22.8,10.1,1
34.2,49.7,30.2,31.4,4.8,7.9,20.1,2.6,1
28.6,40.0,28.2,30.5,0.9,7.3,22.2,9.4,1
32.1,36.1,28.0,28.5,0.0,10.0,25.4,12.1,1
35.9,45.3,25.3,27.2,4.7,8.0,30.2,3.3,1
33.4,45.3,29.0,35.1,2.4,9.4,21.9,4.2,1
34.5,44.2,28.4,29.0,0.0,10.1,22.1,7.1,1
37.5,47.0,28.9,15.6,7.1,9.7,20.6,1.6,1
37.6,45.9,28.9,10.7,4.7,9.9,21.2,1.9,1
39.0,43.0,29.5,25.6,2.4,11.3,20.6,6.1,1
40.2,40.9,29.9,15.6,2.0,11.4,21.6,8.1,1
34.3,42.5,28.5,28.7,6.0,9.2,22.3,6.3,1
35.7,44.7,32.5,29.5,5.4,12.9,20.7,5.0,1
40.6,50.0,27.9,71.5,5.4,10.3,20.2,0.9,1
38.0,45.7,28.9,68.8,8.6,11.0,20.5,4.7,1
38.7,44.0,26.0,75.4,6.8,9.9,23.5,7.5,1
43.2,37.6,26.3,35.2,3.9,11.9,25.6,11.0,1
41.5,38.2,23.0,47.5,5.1,4.9,34.7,16.5,1
35.9,45.1,28.8,17.2,3.5,10.3,20.1,8.2,1
33.4,43.3,29.2,27.5,3.8,7.3,23.8,8.2,1
33.1,34.6,24.0,11.8,0.0,10.2,30.4,13.8,1
32.8,58.4,31.1,10.2,0.7,9.5,25.3,3.6,1
35.0,44.9,28.3,19.1,1.4,8.0,21.0,6.0,1
30.4,38.6,27.3,32.7,0.0,10.7,24.1,8.0,1
32.5,45.2,30.4,25.7,3.8,9.3,21.3,6.5,1
32.8,42.9,27.0,54.6,7.7,9.3,24.9,7.7,1
34.0,42.5,24.9,39.0,0.0,3.7,26.4,11.3,1
35.8,64.5,31.4,28.2,4.8,10.7,21.6,13.0,1
32.9,44.6,28.4,23.4,1.8,12.1,21.1,5.2,1
34.4,42.5,29.5,22.9,5.4,12.6,22.5,7.6,1
30.9,45.0,31.0,27.5,2.4,8.5,21.9,4.4,1
39.8,39.3,28.1,37.2,9.9,10.4,29.7,9.1,1
38.3,46.3,28.3,34.6,4.4,5.9,23.0,8.7,1
36.6,41.6,26.6,10.2,2.6,9.9,22.4,9.1,1
54.7,28.9,25.0,30.9,15.1,8.3,37.1,19.9,1
31.0,39.6,32.7,21.3,3.7,12.5,23.0,7.4,1
29.8,42.4,28.3,26.2,7.4,10.0,24.0,1.4,1
41.6,44.0,26.7,36.8,0.0,7.6,27.9,9.4,1
41.3,29.2,23.6,44.5,1.2,17.2,32.7,20.7,1
34.8,55.9,30.1,28.7,0.0,10.3,21.2,2.1,1
29.6,48.2,29.9,19.8,4.5,10.8,20.1,0.2,1
29.4,41.5,29.0,27.6,0.6,12.0,21.4,9.2,1
39.6,36.0,28.0,41.3,0.0,14.9,26.7,15.9,1
29.1,35.2,25.4,28.3,0.2,8.2,29.0,13.4,1
45.0,37.0,24.7,33.5,10.6,6.8,35.5,10.6,1
33.1,42.1,26.9,22.3,4.3,10.3,24.6,11.7,1
39.3,34.1,23.4,55.5,0.0,6.2,32.1,13.9,1
31.0,43.8,32.1,24.7,0.0,9.3,23.5,4.9,1
35.2,38.8,28.9,26.8,6.5,10.7,25.1,12.2,1
32.9,33.6,26.0,25.2,0.0,6.1,27.5,17.3,1
32.0,43.5,28.6,28.8,2.1,8.6,20.5,4.3,1
34.4,40.6,26.2,72.4,5.0,9.3,26.5,6.4,1
36.8,42.8,28.9,14.7,2.7,7.1,22.8,8.3,1
40.5,41.8,28.3,12.4,1.8,8.0,21.3,10.6,1
44.7,41.5,26.7,30.5,13.0,5.6,29.9,8.3,1
45.8,38.5,26.5,23.4,0.1,8.0,26.4,17.1,1
39.5,38.3,27.1,41.5,12.2,9.9,28.4,9.8,1
43.2,45.4,30.4,35.6,2.6,13.1,22.3,7.5,1
36.7,47.2,29.6,19.8,0.0,14.1,21.5,5.9,1
29.3,43.6,28.7,13.4,0.0,10.7,20.2,5.8,1
39.1,35.4,26.4,37.8,0.0,11.6,27.9,11.8,1
38.3,29.2,26.5,25.2,3.2,7.5,28.5,20.1,1
32.3,46.3,29.5,23.2,0.0,8.1,20.2,3.3,1
36.5,37.6,29.0,26.2,1.0,11.2,22.2,14.1,1
34.4,42.4,28.1,37.5,0.0,8.5,20.0,7.5,1
31.8,41.9,30.4,33.7,2.1,8.9,20.8,8.4,1
38.4,45.6,27.2,87.8,10.9,11.5,27.5,4.5,1
39.6,37.1,26.8,14.6,0.0,8.1,25.0,18.2,1
35.5,42.3,28.4,29.8,5.7,9.1,27.3,5.0,1
45.4,44.4,25.8,56.0,8.3,10.4,28.7,9.2,1
43.1,40.2,27.7,33.5,5.3,9.7,25.6,8.0,1
27.3,44.7,28.7,26.8,4.5,9.4,22.4,3.9,1
36.7,34.0,26.1,24.3,0.0,13.1,26.1,15.8,1
34.3,30.7,25.9,29.3,0.0,5.9,29.7,20.3,1
30.6,38.3,27.7,84.9,0.0,8.4,23.7,9.4,1
36.8,54.5,29.8,33.7,3.6,10.1,23.1,4.9,1
30.9,28.8,26.4,23.0,4.0,10.5,32.2,20.2,1
40.8,33.7,25.2,38.2,9.3,9.7,31.5,13.1,1
26.4,43.0,30.9,30.3,2.8,6.8,20.4,8.3,1
38.7,38.8,24.8,27.1,0.0,12.3,29.5,14.8,1
38.8,41.7,29.3,33.5,0.0,7.8,21.7,7.1,1
30.0,38.5,29.1,28.6,1.5,6.6,24.2,8.1,1
40.3,40.1,26.6,30.1,0.0,10.4,24.2,10.2,1
34.5,36.8,23.5,41.2,0.6,13.1,31.2,13.1,1
36.0,46.3,31.2,14.6,0.4,9.0,21.2,7.3,1
38.1,43.2,28.9,35.1,0.0,5.8,20.1,10.6,1
39.6,47.9,28.0,40.2,0.0,11.2,21.5,4.5,1
29.9,36.4,26.3,27.8,5.0,6.1,27.2,11.2,1
32.0,47.8,33.0,34.3,0.5,9.1,22.4,2.7,1
34.4,46.0,32.3,36.1,1.4,10.3,22.3,4.8,1
34.9,44.4,26.7,18.6,0.0,10.5,22.4,7.7,1
38.6,41.0,25.8,41.7,7.4,8.2,31.1,6.3,1
38.5,42.2,25.8,21.0,10.7,6.9,28.4,8.6,1
31.1,40.3,29.6,36.2,2.2,11.3,20.4,6.7,1
45.4,39.6,28.3,29.6,4.7,10.7,26.3,7.0,1
31.5,33.5,25.8,32.9,3.2,11.2,27.8,14.9,1
35.2,46.0,29.2,31.6,5.1,7.0,24.7,2.5,1
32.1,42.5,27.3,28.5,5.6,15.8,23.6,8.4,1
33.8,42.7,29.3,33.2,1.5,15.6,21.1,6.1,1
23.5,41.6,27.9,32.6,0.0,10.2,20.9,7.6,1
32.6,52.9,30.3,20.8,0.0,6.0,21.1,1.7,1
40.5,40.2,28.6,22.9,2.6,11.2,25.6,10.7,1
40.4,38.7,28.4,34.3,5.0,12.7,26.9,7.6,1
52.7,37.6,24.7,30.9,0.0,5.1,29.3,14.0,1
34.4,43.9,30.6,27.9,0.5,6.6,20.1,4.4,1
28.9,41.4,29.3,25.8,3.0,10.1,23.0,6.9,1
31.5,39.8,27.9,25.4,0.2,9.1,21.9,9.0,1
37.4,32.2,25.4,33.5,5.0,18.0,29.7,16.8,1
44.5,32.8,26.9,37.3,1.7,9.0,27.1,13.0,1
34.5,30.9,27.4,35.6,1.7,12.1,30.2,18.4,1
37.3,38.4,26.5,23.9,3.7,10.6,22.7,12.9,1
40.2,51.5,27.8,19.7,10.4,5.1,26.4,1.4,1
35.0,34.8,26.4,26.4,7.8,8.0,29.2,12.0,1
31.0,41.2,30.0,33.7,0.0,10.3,20.0,6.6,1
37.0,32.5,23.8,88.4,1.2,8.2,30.5,16.8,1
34.3,40.5,29.1,28.2,0.0,9.1,20.5,8.1,1
28.6,46.5,30.8,30.4,0.0,7.6,21.9,7.1,1
31.8,32.7,24.0,70.8,0.0,7.0,27.2,16.7,1
34.5,39.7,26.1,29.7,2.7,6.2,28.1,6.9,1
34.8,43.8,26.7,65.0,1.8,11.0,20.4,11.4,1
37.7,41.3,28.1,20.0,0.0,10.4,23.9,8.9,1
34.3,44.8,32.1,38.2,0.0,12.5,21.5,5.7,1
43.8,44.2,26.3,97.4,5.2,7.5,29.2,6.8,1
48.8,36.8,26.6,82.0,14.5,4.6,32.4,10.0,1
42.7,53.3,27.4,27.9,1.7,7.4,26.6,3.2,1
40.4,40.8,26.1,67.4,0.8,5.7,27.6,8.7,1
41.0,36.3,22.8,12.3,0.2,4.1,31.1,13.0,1
38.3,39.6,27.3,24.7,4.2,11.2,20.6,12.7,1
40.6,39.7,28.1,24.9,6.5,9.9,21.8,12.0,1
38.2,41.1,29.1,18.3,2.3,10.3,21.3,9.0,1
45.8,35.7,26.3,15.9,9.6,12.1,26.8,15.3,1
37.8,45.0,29.5,20.9,1.8,10.8,23.4,6.9,1
37.8,42.8,31.0,23.6,2.3,10.3,23.6,9.4,1
40.9,52.3,28.6,29.0,5.1,11.5,21.8,2.4,1
44.8,41.9,28.1,33.7,12.7,11.0,24.0,10.2,1
35.5,42.4,29.6,19.2,2.6,10.5,22.2,8.1,1
40.0,49.4,30.0,23.8,4.3,10.1,21.0,3.1,1
34.5,39.8,25.5,36.6,4.8,10.5,27.9,11.0,1
45.2,36.8,26.8,27.6,12.3,10.7,31.5,16.9,1
47.7,39.8,26.9,24.5,8.8,11.9,27.9,12.4,1
43.4,54.3,30.9,83.0,19.0,9.3,25.0,3.6,1
47.7,52.0,30.9,26.9,17.3,11.0,21.1,0.8,1
41.5,39.7,27.3,20.2,12.7,10.5,25.2,8.5,1
48.6,46.4,30.1,79.8,16.6,11.8,22.3,2.5,1
42.5,45.1,27.4,67.9,15.8,10.3,26.9,6.9,1
43.5,38.7,28.6,22.6,13.9,11.5,24.7,8.9,1
31.6,33.7,24.4,26.9,0.0,4.5,30.7,16.3,1
32.3,43.7,28.0,23.1,8.2,13.9,24.0,6.4,1
31.7,38.9,26.7,18.1,3.7,3.5,27.9,9.1,1
37.0,33.7,26.7,28.3,0.0,8.1,25.6,18.5,1
33.4,50.6,31.6,28.9,7.2,9.9,21.9,3.5,1
43.9,31.7,23.6,36.8,5.7,8.9,37.6,18.5,1
31.3,31.3,26.2,34.2,0.0,5.8,27.6,17.7,1
24.8,32.0,26.8,36.2,7.6,12.8,30.2,19.4,1
42.8,38.6,25.5,20.7,8.1,9.6,28.6,9.3,1
33.4,44.8,28.4,31.9,0.0,7.7,23.3,5.9,1
39.6,42.4,24.7,83.7,0.0,8.9,27.9,8.8,1
36.6,28.8,26.6,30.5,2.8,13.3,25.3,18.0,1
39.4,42.5,30.8,28.8,0.0,7.4,22.4,9.9,1
35.1,41.8,28.1,25.6,0.0,7.9,20.8,9.2,1
32.3,49.1,28.1,20.6,0.6,9.3,23.1,3.1,1
33.9,39.6,27.0,31.7,0.0,7.4,23.0,9.8,1
32.8,44.3,31.1,15.3,0.5,11.9,23.2,5.1,1
26.9,39.1,30.1,21.9,0.0,9.5,21.4,9.9,1
32.4,45.1,25.4,15.2,0.0,9.9,23.3,9.0,1
33.8,54.9,28.8,28.3,0.0,9.4,20.1,3.0,1
35.9,44.4,28.1,32.5,2.8,10.8,20.3,7.3,1
31.8,44.6,30.6,28.4,1.3,10.2,22.6,4.6,1
32.4,39.2,28.3,28.2,2.9,10.1,23.8,9.5,1
29.5,38.9,28.8,22.1,1.3,6.3,22.1,10.4,1
39.4,44.7,29.5,31.3,0.0,9.1,20.7,6.2,1
36.8,38.8,26.1,20.9,5.6,5.2,31.3,11.2,1
37.0,41.7,26.3,78.8,4.0,9.9,27.9,9.0,1
35.1,38.6,27.3,34.4,7.3,12.0,27.9,10.6,1
45.0,48.5,29.2,9.0,13.9,11.4,21.4,3.9,1
35.6,49.2,30.0,29.2,0.0,7.4,20.4,5.1,1
32.6,40.1,27.3,25.7,0.6,9.6,22.3,8.3,1
32.6,42.2,29.5,28.0,0.0,8.6,20.7,7.8,1
39.1,52.1,27.2,12.6,0.0,7.0,23.5,0.2,1
37.5,40.6,27.6,32.2,0.0,10.9,25.4,8.6,1
35.7,57.0,29.6,36.7,3.9,7.6,22.5,7.9,1
30.7,43.6,31.0,34.0,1.1,7.7,21.2,5.0,1
41.6,42.9,28.3,64.1,10.6,6.5,25.7,1.9,1
34.3,38.5,24.9,44.1,5.4,11.6,29.8,15.9,1
48.2,50.4,26.2,17.4,8.3,12.3,32.5,0.5,1
35.2,41.4,26.8,37.7,4.3,9.1,28.4,6.3,1
28.4,41.5,28.5,31.5,0.0,11.0,24.3,7.4,1
34.5,49.5,31.1,36.4,0.0,8.7,21.7,2.5,1
35.6,33.9,27.1,34.6,0.0,11.5,23.7,17.2,1
35.6,31.7,26.4,63.0,6.1,11.1,29.5,18.2,1
40.1,31.8,26.0,21.5,5.6,8.8,32.1,17.7,1
38.7,27.4,22.8,49.4,1.3,23.2,33.2,18.6,1
36.8,37.7,26.9,59.8,2.2,5.3,24.1,14.1,1
28.6,26.8,25.3,38.5,0.0,12.0,30.0,21.4,1
27.9,42.2,31.0,28.4,0.0,10.2,21.4,7.4,1
28.5,40.3,29.2,16.5,0.0,11.0,23.7,9.7,1
30.4,30.2,25.3,23.3,0.0,8.0,27.4,19.9,1
41.1,36.1,24.8,56.1,7.9,5.8,34.2,16.0,1
44.2,32.7,22.7,36.8,7.4,7.3,37.0,17.8,1
32.7,38.2,27.6,31.7,0.0,7.2,21.1,9.2,1
37.4,36.1,25.0,16.5,0.0,7.2,28.9,17.8,1
35.6,41.4,29.9,20.1,7.5,9.6,24.0,8.4,1
42.7,40.1,25.2,30.1,3.9,6.6,30.3,4.9,1
39.0,37.2,22.2,26.9,2.9,8.5,32.7,10.9,1
39.9,33.6,25.2,28.6,0.0,7.4,28.2,15.7,1
30.9,45.2,30.5,31.5,0.0,11.1,22.6,4.8,1
34.3,46.0,29.2,36.8,5.5,9.1,24.7,1.6,1
37.8,41.1,28.8,34.1,4.0,6.6,24.7,7.6,1
32.8,44.4,29.0,15.7,3.8,10.5,22.0,8.8,1
37.5,48.2,25.4,28.5,0.0,6.9,25.5,8.9,1
37.0,55.3,29.4,26.4,6.6,6.9,20.9,6.9,1
50.9,36.6,24.8,38.5,15.7,6.6,34.4,11.4,1
37.4,56.2,30.1,25.7,0.7,7.0,20.1,3.7,1
47.4,49.2,29.2,52.7,15.6,9.6,24.8,5.6,1
27.9,46.3,32.4,29.5,1.8,10.5,22.1,3.7,1
36.3,42.0,32.2,33.1,3.4,11.3,20.9,6.0,1
27.1,41.1,29.1,30.8,6.4,8.4,23.3,5.9,1
40.2,36.8,26.4,36.6,7.2,9.0,29.1,12.9,1
36.2,42.9,31.3,25.4,6.1,7.9,22.0,3.8,1
38.3,46.7,27.7,22.7,7.8,7.1,25.5,3.3,1
26.6,36.3,28.3,34.3,2.0,8.7,23.6,8.9,1
41.7,43.8,27.8,33.2,0.2,8.7,29.1,10.6,1
31.8,45.0,32.0,19.9,0.0,11.7,23.0,6.8,1
35.8,41.6,26.8,36.1,7.9,12.3,27.6,9.8,1
38.4,36.9,28.0,21.8,0.5,6.8,25.9,14.0,1
34.0,30.8,27.2,40.5,0.0,7.8,27.0,19.5,1
38.7,32.4,26.2,28.8,6.4,11.7,31.3,18.9,1
29.3,39.4,28.1,30.3,0.1,10.8,24.7,9.3,1
29.6,37.4,26.9,20.1,0.8,10.5,28.7,8.2,1
39.9,40.7,28.8,19.7,0.0,6.4,21.3,9.5,1
29.8,37.0,28.4,34.1,5.7,15.7,20.0,14.1,1
41.4,53.9,28.6,14.0,5.9,5.1,20.2,4.1,1
34.0,44.8,32.1,28.7,0.0,10.1,22.8,5.8,1
35.5,38.7,28.6,15.3,0.0,9.5,22.9,8.9,1
30.8,45.5,30.1,26.6,0.0,8.8,21.2,7.2,1
43.8,52.3,26.6,24.1,0.0,7.3,21.2,0.5,1
38.1,41.8,28.3,25.2,1.5,8.9,20.0,10.1,1
29.2,42.9,29.3,36.8,3.0,12.6,20.9,5.0,1
38.9,29.7,23.5,17.7,0.0,7.9,33.0,20.6,1
36.2,39.9,24.0,51.5,0.0,8.2,26.5,11.4,1
31.6,44.1,29.3,37.2,0.0,9.6,20.9,10.1,1
30.3,41.6,28.5,26.6,2.8,12.3,20.5,8.9,1
35.6,45.1,28.8,28.7,0.0,9.5,20.6,2.8,1
31.9,42.1,28.2,30.7,2.5,7.7,22.5,5.7,1
31.6,45.8,28.9,16.5,2.2,7.9,23.2,6.5,1
26.9,50.6,28.9,25.8,0.9,11.7,21.4,0.8,1
41.5,38.3,26.1,86.8,7.1,8.8,29.6,15.3,1
28.9,34.9,28.5,21.0,5.9,12.2,24.5,10.2,1
32.1,42.3,27.5,30.3,2.2,11.2,20.7,4.0,1
44.5,40.7,26.6,33.1,14.1,8.5,31.0,9.2,1
29.5,36.6,26.8,23.8,0.0,12.2,27.4,14.9,1
25.1,40.7,28.2,77.8,0.0,9.4,21.9,6.4,1
34.8,45.0,29.5,28.6,2.2,9.4,20.9,5.2,1
42.6,44.5,27.2,41.8,7.4,11.5,24.7,8.5,1
34.4,35.0,25.5,92.6,6.4,10.1,29.5,15.1,1
34.4,33.7,27.9,28.3,0.0,7.5,23.9,16.3,1
33.6,47.0,28.6,23.7,0.0,8.8,20.2,7.6,1
45.2,37.0,27.7,14.7,0.0,10.0,24.6,14.6,1
33.5,42.4,25.8,35.2,1.0,5.5,28.9,10.4,1
45.9,39.0,26.7,26.0,10.2,13.5,31.4,8.8,1
34.6,46.3,29.8,35.6,0.0,9.8,20.9,5.5,1
25.1,42.2,30.4,23.9,0.0,12.5,20.3,8.8,1
31.2,45.8,27.2,32.1,0.0,10.2,24.3,7.7,1
30.6,38.5,28.3,28.0,5.4,11.7,20.8,9.2,1
45.0,34.4,23.8,58.9,2.6,5.8,32.1,20.1,1
44.2,36.8,23.7,17.2,0.8,6.5,30.3,16.0,1
43.6,40.7,24.4,55.3,7.1,3.8,30.6,12.0,1
41.6,34.4,22.2,31.4,4.0,5.9,31.7,18.3,1
45.5,42.4,25.0,27.6,8.8,6.9,31.3,11.2,1
44.4,39.3,24.1,27.1,5.6,5.3,32.6,13.0,1
45.9,37.0,24.1,40.4,8.5,5.1,32.5,17.8,1
47.8,39.8,23.8,44.9,4.4,6.4,31.5,15.2,1
44.6,34.5,23.1,58.4,9.7,9.6,35.6,18.5,1
39.3,29.4,24.3,39.3,0.0,6.1,29.6,15.4,1
37.9,36.6,26.9,20.4,0.0,8.4,25.6,18.0,1
31.5,37.8,24.7,67.7,2.0,9.1,25.7,12.6,1
35.1,39.1,28.8,28.4,1.6,10.7,23.5,9.4,1
33.5,50.3,28.9,22.1,4.2,7.8,20.9,0.7,1
32.3,31.1,27.5,41.5,0.0,10.1,24.9,17.3,1
31.8,37.2,26.8,22.9,0.0,10.0,24.1,15.6,1
37.7,36.8,28.0,18.5,0.0,13.7,23.4,15.8,1
40.3,39.8,27.1,20.6,0.0,8.3,22.0,8.1,1
38.8,47.0,27.7,28.3,0.0,8.3,21.1,4.2,1
38.7,45.5,27.4,19.0,0.0,7.6,21.8,4.8,1
40.8,36.0,25.7,28.6,0.0,8.4,24.4,13.1,1
39.4,45.3,29.1,23.2,1.2,8.0,21.4,8.9,1
46.8,44.9,27.2,47.9,3.0,7.1,23.7,8.5,1
41.8,32.2,22.9,81.5,0.0,9.7,30.9,18.4,1
38.9,41.8,27.7,17.7,0.0,6.5,20.6,11.0,1
33.0,45.6,27.9,14.9,0.0,4.3,21.3,6.2,1
36.7,45.3,29.8,15.8,2.0,6.6,22.0,7.0,1
34.8,41.9,29.9,25.7,0.0,5.3,22.0,10.4,1
40.5,43.2,28.2,12.9,3.9,12.2,22.7,8.7,1
36.7,31.9,25.6,10.5,0.0,4.8,24.8,21.2,1
38.7,48.4,27.1,17.5,8.9,10.3,23.3,6.4,1
41.5,47.5,28.9,20.1,0.0,6.4,20.7,3.9,1
35.6,47.1,27.8,20.3,2.5,9.8,21.0,6.1,1
34.5,43.3,29.7,14.1,2.9,6.3,21.7,5.3,1
39.0,33.6,25.5,18.8,0.0,6.5,26.5,18.1,1
43.2,32.3,24.2,18.1,0.0,5.5,28.1,18.8,1
40.7,50.6,27.8,15.6,1.4,5.2,20.2,2.2,1
43.8,40.0,27.8,14.4,0.0,5.5,20.4,11.0,1
38.1,32.9,27.0,18.5,1.1,8.5,24.0,22.1,1
37.3,38.3,27.8,23.2,0.0,7.0,20.4,12.8,1
39.5,45.0,27.4,15.9,0.0,6.3,20.2,7.3,1
32.5,42.3,27.7,11.3,1.5,4.8,20.8,8.2,1
39.2,45.8,28.4,9.8,0.0,4.6,20.9,6.5,1
41.7,34.0,25.7,25.8,0.0,10.3,25.5,21.2,1
36.6,35.0,27.2,11.8,0.0,5.1,21.9,17.3,1
35.7,43.9,28.0,15.0,0.1,5.9,21.1,7.8,1
39.2,35.3,24.7,19.9,0.0,5.8,26.0,16.9,1
41.9,45.1,27.4,10.0,0.0,5.7,20.1,7.3,1
41.8,43.7,28.2,12.4,0.0,6.5,20.3,9.3,1
42.4,47.3,27.3,19.7,0.9,6.5,21.0,5.9,1
35.4,42.7,28.2,13.7,0.0,5.3,21.4,8.5,1
35.5,40.9,27.9,15.5,0.0,6.5,20.1,11.0,1
34.6,43.9,28.2,18.3,0.0,5.4,21.0,8.3,1
33.8,46.7,28.4,17.1,0.4,4.4,21.1,4.5,1
42.6,48.2,25.8,16.5,2.2,14.0,24.9,2.1,1
36.8,35.3,25.1,26.1,0.2,4.9,25.5,20.5,1
39.7,43.1,29.0,14.1,0.0,5.9,20.6,9.1,1
39.7,37.2,25.3,20.0,0.0,10.1,24.4,18.8,1
36.8,45.3,32.1,18.8,1.5,6.0,24.2,6.2,1
34.2,45.5,27.4,7.8,0.4,5.9,21.0,5.9,1
40.0,43.0,28.1,22.4,0.0,5.0,20.5,7.6,1
38.4,42.0,27.0,21.5,0.0,4.2,22.0,10.0,1
36.1,36.1,27.5,20.9,0.0,5.6,22.6,14.1,1
29.7,47.4,30.6,27.3,0.0,11.6,22.3,5.6,1
38.9,30.8,21.5,17.4,2.3,13.5,36.5,16.4,1
41.6,31.1,23.9,34.8,6.0,8.6,36.9,19.4,1
31.8,33.1,25.4,60.6,6.1,7.4,29.7,13.8,1
40.5,28.2,25.4,35.0,2.5,16.4,29.0,23.8,1
33.5,31.1,24.4,29.0,6.9,23.0,30.5,15.7,1
32.4,36.5,24.9,21.4,1.6,13.9,31.5,11.3,1
35.6,55.6,30.2,29.2,11.0,10.7,24.0,2.1,1
34.6,45.2,27.7,30.9,0.6,9.4,24.6,2.9,1
30.3,41.5,29.6,38.1,4.4,8.2,23.4,7.1,1
27.0,39.7,29.7,25.3,2.4,11.2,20.0,7.3,1
34.7,42.3,30.1,25.7,0.0,8.7,22.1,6.9,1
37.8,36.3,25.6,31.2,6.9,6.9,32.4,10.1,1
36.5,38.1,26.6,32.4,2.4,7.5,24.8,14.6,1
31.1,35.2,26.1,39.5,0.0,10.8,29.0,14.2,1
32.5,42.5,27.7,46.2,3.4,11.2,20.0,5.8,1
42.9,46.0,28.3,33.8,0.1,5.5,23.8,6.3,1
30.0,46.0,32.3,38.6,0.0,9.4,22.5,4.5,1
34.9,44.5,31.6,24.0,0.0,10.8,23.5,3.8,1
39.6,31.4,25.8,37.6,6.0,15.2,28.0,15.3,1
36.5,45.6,29.6,25.1,3.2,12.8,20.2,2.2,1
39.2,40.7,27.8,29.0,5.8,10.7,26.0,10.6,1
27.3,44.8,31.9,19.5,0.0,9.4,23.1,3.0,1
29.6,45.3,32.6,31.3,0.8,8.5,22.5,0.4,1
34.9,31.9,23.7,29.7,3.3,8.0,31.9,19.3,1
35.2,42.4,25.5,34.5,0.0,6.0,28.8,11.5,1
37.3,49.2,28.5,16.0,1.5,9.1,20.5,2.4,1
44.8,33.0,24.2,19.6,2.4,6.9,32.2,21.7,1
42.7,46.0,25.9,18.7,0.0,10.8,26.2,6.5,1
42.5,46.5,27.2,19.7,5.6,8.9,24.1,6.5,1
36.5,41.4,27.2,29.5,7.3,11.1,26.3,6.1,1
35.7,34.2,26.8,22.4,4.2,5.3,29.9,12.6,1
33.7,40.5,29.8,31.9,0.0,9.0,24.1,11.0,1
32.2,49.7,27.8,34.0,1.8,11.0,23.8,0.9,1
30.5,36.4,23.9,54.1,0.4,10.8,31.1,13.2,1
31.0,42.8,29.8,23.4,1.4,10.3,20.2,7.3,1
40.0,40.5,27.7,29.1,8.9,9.9,27.5,7.1,1
28.4,47.9,29.1,25.9,2.0,9.0,22.8,1.6,1
35.4,45.2,30.0,21.3,0.5,8.5,23.3,6.1,1
39.1,51.3,28.7,18.3,3.5,10.4,20.6,3.2,1
36.1,42.1,28.8,12.6,0.0,10.2,22.9,9.3,1
33.6,38.2,29.6,27.4,1.6,8.7,21.6,8.7,1
42.1,45.1,26.4,48.4,3.8,6.7,28.5,2.4,1
39.2,49.2,28.3,23.8,2.8,8.9,23.1,4.6,1
29.6,39.8,28.4,29.2,0.0,10.9,22.7,13.2,1
31.3,43.0,30.2,28.5,0.0,9.7,21.7,7.7,1
28.7,39.2,27.8,37.0,1.5,8.0,23.7,10.6,1
35.0,39.4,27.4,33.8,1.4,9.1,25.5,13.0,1
26.6,44.9,31.3,27.0,3.3,7.2,20.4,4.3,1
42.6,35.8,24.6,23.6,2.9,7.7,31.0,12.4,1
39.8,29.5,23.4,36.1,0.0,8.6,32.0,21.1,1
31.1,41.5,28.4,33.5,2.0,9.1,22.9,8.2,1
43.5,32.4,25.0,60.6,5.9,12.9,31.9,16.5,1
40.7,40.8,28.3,21.5,0.0,12.7,22.9,9.4,1
38.1,31.1,24.6,30.3,0.0,12.3,29.0,18.8,1
48.1,36.9,27.1,56.2,16.3,3.8,31.8,11.0,1
36.5,36.3,25.7,42.5,3.4,12.1,26.3,15.1,1
34.7,31.9,28.9,47.0,0.0,13.6,20.7,17.6,1
42.2,29.2,21.4,29.7,5.5,9.3,37.9,20.4,1
34.5,42.3,25.6,48.2,0.0,6.2,27.2,10.4,1
39.5,43.9,28.4,14.3,0.0,13.2,20.9,7.8,1
30.5,37.8,26.5,36.4,0.0,6.5,24.8,8.2,1
40.0,48.6,26.0,64.3,11.0,6.1,31.2,1.4,1
33.8,42.8,28.3,26.5,0.0,10.6,22.3,12.2,1
33.0,34.9,26.1,73.3,0.8,9.1,28.5,15.4,1
37.1,38.5,24.1,38.1,6.1,12.5,30.1,11.0,1
33.3,37.3,27.9,29.6,3.2,9.8,24.0,9.4,1
37.6,55.6,30.1,25.3,9.2,6.0,21.9,5.0,1
35.3,40.4,27.4,25.1,3.4,8.1,23.2,11.0,1
33.7,31.6,26.6,30.1,0.2,9.3,28.6,17.9,1
38.7,42.1,26.3,23.9,2.3,8.2,29.7,10.1,1
33.6,41.9,25.4,18.8,4.0,6.0,28.9,4.6,1
30.2,33.5,28.6,23.6,0.0,5.3,22.3,15.2,1
35.6,46.9,27.4,22.7,4.0,8.9,22.1,6.1,1
32.9,41.7,29.5,33.3,6.3,11.7,21.5,6.3,1
37.4,41.2,27.3,30.8,1.6,15.7,20.4,11.2,1
32.2,40.5,28.8,28.6,0.0,4.8,22.1,10.9,1
32.8,41.1,31.0,28.3,0.0,10.2,21.5,6.5,1
33.9,43.8,27.1,40.1,1.5,12.0,24.1,9.7,1
37.5,41.4,28.6,34.2,2.8,4.5,23.6,4.0,1
44.0,48.6,27.4,58.3,13.5,11.9,25.5,2.6,1
36.0,39.6,30.1,23.6,8.0,8.0,21.5,10.4,1
40.7,42.2,29.3,35.9,10.1,9.3,23.6,6.5,1
39.3,42.5,30.0,31.5,4.8,8.5,21.3,6.8,1
31.4,39.5,27.3,27.1,0.0,7.2,26.2,8.2,1
36.1,43.9,28.8,30.6,0.0,3.8,20.1,8.5,1
29.4,38.1,28.2,40.0,3.9,11.3,26.0,8.3,1
27.6,41.7,30.6,26.5,1.3,14.3,22.6,6.5,1
37.7,40.5,26.9,24.5,1.6,9.3,20.4,10.2,1
29.3,44.9,29.9,31.0,0.0,9.2,21.2,5.6,1
38.0,31.6,22.7,21.6,3.6,12.6,38.1,19.0,1
34.1,36.9,25.1,48.2,2.2,15.0,26.3,12.1,1
33.6,44.1,29.1,36.7,0.0,11.8,22.3,6.9,1
44.5,35.6,25.2,37.0,0.0,4.6,28.0,18.1,1
34.2,36.2,26.3,11.3,0.0,12.3,25.6,10.5,1
33.4,37.7,27.3,30.6,0.0,14.0,28.0,12.8,1
34.6,43.5,29.1,32.1,4.6,9.5,20.6,7.4,1
37.2,42.5,28.2,26.0,8.4,10.9,25.4,3.2,1
35.4,45.3,29.1,26.2,0.9,9.1,20.1,8.8,1
36.7,58.2,28.7,31.3,1.0,4.3,21.4,7.9,1
38.0,48.5,27.3,68.4,0.4,6.8,23.3,2.4,1
41.3,36.2,25.4,34.4,5.1,9.1,28.1,14.6,1
35.8,36.9,28.7,36.2,0.0,15.9,23.3,11.4,1
37.6,45.1,28.3,17.8,0.0,9.7,22.2,9.4,1
38.7,56.3,29.1,13.8,0.3,10.4,22.6,0.9,1
39.0,47.3,28.6,13.1,0.0,11.3,23.5,6.9,1
40.4,55.1,30.9,17.3,0.8,9.0,23.0,0.0,1
41.5,54.9,27.5,18.0,0.4,13.7,20.0,0.5,1
36.2,46.5,28.4,15.1,1.0,13.3,22.5,7.3,1
34.8,45.4,28.9,8.4,0.0,9.2,23.2,6.9,1
35.7,52.3,28.9,19.3,0.0,10.3,22.3,0.8,1
38.5,49.0,27.0,20.7,1.1,11.4,21.3,0.9,1
36.7,37.2,27.0,29.0,4.5,11.9,28.9,10.1,1
35.3,59.9,32.9,34.4,4.0,7.5,21.2,7.2,1
35.8,35.7,24.1,12.4,0.5,8.1,31.6,12.7,1
38.5,56.5,30.4,24.5,7.5,7.3,21.5,7.8,1
36.3,50.3,31.0,24.3,5.4,9.9,22.2,1.4,1
39.9,43.7,29.8,22.5,4.2,11.5,21.6,9.2,1
38.0,49.3,29.9,10.9,4.5,9.3,22.9,1.7,1
37.7,36.6,29.1,25.8,4.9,13.8,21.3,12.7,1
35.3,40.0,28.0,21.7,4.2,12.9,20.2,12.2,1
40.9,40.0,30.1,26.0,5.1,10.4,21.5,10.7,1
40.0,44.4,29.6,38.1,3.7,10.5,22.1,7.0,1
38.9,38.8,28.5,21.8,1.3,13.7,23.7,9.9,1
28.9,43.4,31.4,30.6,7.6,12.9,20.8,6.4,1
38.1,47.7,31.5,25.7,0.1,9.8,23.1,5.6,1
49.3,29.0,21.7,71.3,13.7,5.2,41.5,20.8,1
29.7,36.2,26.6,23.7,0.0,6.4,26.1,12.6,1
44.2,39.3,23.9,40.1,8.5,9.9,35.6,11.9,1
34.3,42.5,30.4,18.9,2.3,10.4,21.5,5.6,1
37.9,33.9,25.0,27.7,2.6,10.0,30.7,12.6,1
31.7,40.3,29.6,27.4,2.1,13.8,20.8,9.6,1
43.9,45.4,27.4,35.4,0.8,9.4,24.5,5.8,1
33.0,57.0,30.4,30.4,1.9,7.5,20.6,7.4,1
33.8,43.2,29.7,30.3,1.5,12.0,20.2,7.0,1
34.2,37.1,28.3,19.7,0.0,9.9,23.5,16.8,1
38.1,30.1,22.2,29.3,0.0,15.7,32.8,19.8,1
36.3,39.7,27.8,27.8,2.3,10.7,21.3,8.9,1
36.3,33.8,27.3,36.1,0.0,7.7,28.1,13.0,1
35.5,34.0,26.8,31.1,0.9,8.5,29.6,18.5,1
28.6,44.9,29.3,30.4,0.0,9.3,20.4,6.6,1
32.9,42.7,30.2,28.7,0.0,13.3,22.0,6.1,1
28.8,45.1,28.8,29.6,0.3,12.3,20.2,7.1,1
31.6,43.5,30.8,30.3,0.0,10.4,22.0,5.5,1
33.5,30.2,23.9,33.4,1.7,6.0,32.3,18.1,1
36.6,33.3,25.6,22.7,0.2,8.0,30.4,16.2,1
31.2,35.5,28.7,40.9,0.0,10.1,20.1,12.3,1
33.7,48.7,28.5,33.9,0.0,11.6,20.9,1.1,1
33.5,36.8,27.4,22.9,4.2,11.1,28.8,10.7,1
41.3,28.2,23.4,20.3,4.3,16.6,32.3,18.7,1
36.1,53.8,29.6,19.7,0.0,11.6,22.8,2.8,1
32.2,51.8,29.4,15.5,0.0,3.7,23.0,1.1,1
49.2,35.2,25.4,17.8,0.0,5.7,26.7,17.2,1
45.5,34.3,23.8,18.5,0.0,4.2,27.9,17.0,1
43.4,44.0,26.8,26.4,0.0,4.3,24.3,7.4,1
45.3,39.1,25.2,19.2,0.0,9.6,26.7,14.7,1
44.2,36.9,25.4,20.6,0.0,5.0,25.7,14.9,1
40.5,37.2,25.9,20.0,0.5,6.6,24.0,14.8,1
42.5,38.9,27.2,10.9,0.0,5.6,22.2,13.5,1
47.0,45.7,26.4,22.4,0.0,5.2,23.9,4.1,1
49.1,42.5,28.6,30.5,9.3,5.2,26.3,6.2,1
38.4,38.4,28.9,21.0,0.0,11.1,21.8,11.2,1
31.0,42.0,30.4,30.2,7.0,11.1,21.0,5.7,1
47.8,39.2,24.7,36.8,10.0,6.0,33.8,10.9,1
33.7,32.7,27.5,30.6,0.0,9.5,26.1,17.9,1
41.9,38.4,24.8,27.1,6.8,9.0,33.3,10.3,1
35.5,31.4,25.6,38.4,0.5,12.9,31.3,18.5,1
41.5,34.2,24.2,26.7,2.3,9.0,34.6,18.3,1
34.6,43.0,28.8,27.8,7.2,9.9,24.4,7.3,1
39.4,27.4,21.8,11.2,2.6,5.7,36.3,22.1,1
39.4,43.8,23.7,55.7,0.4,9.1,28.9,8.6,1
34.5,43.1,29.3,25.1,11.1,11.3,21.7,2.1,1
40.5,31.7,22.7,21.6,4.1,9.0,35.6,18.0,1
32.8,32.6,25.8,27.7,0.0,4.1,27.8,16.5,1
40.7,48.5,29.9,20.1,1.2,8.1,21.4,1.0,1
42.9,38.2,23.2,20.8,3.9,11.2,35.9,12.3,1
30.9,49.3,29.1,19.6,1.4,9.8,21.1,2.2,1
34.8,44.4,30.0,30.5,0.0,9.7,21.1,5.5,1
35.9,51.7,29.3,13.0,1.9,10.5,22.4,2.3,1
33.9,44.9,29.8,30.8,0.4,13.7,21.4,7.4,1
28.9,34.0,27.7,29.1,7.7,8.8,27.8,12.5,1
43.7,36.8,27.2,25.7,5.0,7.1,27.8,10.7,1
36.0,39.6,28.9,26.8,3.5,7.9,22.7,7.0,1
34.8,41.6,29.6,32.9,1.9,10.2,21.0,5.4,1
40.4,35.4,25.0,29.7,6.6,4.7,31.8,14.9,1
37.4,44.8,31.5,26.0,1.1,12.1,24.5,8.7,1
36.2,45.9,31.9,25.0,1.6,13.4,24.9,5.3,1
34.4,45.1,29.7,25.1,3.0,12.6,22.4,6.8,1
40.8,43.7,29.1,25.7,0.9,10.4,20.6,9.8,1
38.2,47.1,29.3,20.8,2.3,12.4,22.5,5.8,1
37.3,44.1,31.9,27.2,0.8,11.7,25.2,5.7,1
36.7,44.6,31.5,20.4,1.3,11.7,25.4,7.3,1
38.1,47.8,29.8,13.4,2.3,11.0,23.7,5.9,1
39.5,48.1,32.7,22.0,1.0,11.9,26.1,6.5,1
36.9,44.1,30.1,18.0,1.2,11.3,24.1,7.0,1
40.7,29.7,25.0,41.3,5.8,11.7,30.4,19.5,1
60.3,91.2,47.2,46.4,17.4,30.0,35.4,52.4,1
67.1,75.9,40.9,26.7,17.6,30.0,24.8,21.5,1
81.8,35.4,20.5,54.3,1.5,30.0,36.5,13.9,1
72.6,46.4,29.8,38.9,0.0,30.0,23.0,0.2,1
57.4,40.7,19.4,42.4,0.0,15.6,36.3,12.6,1
35.6,39.2,20.8,49.9,0.0,22.0,37.3,20.3,1
91.0,19.7,17.4,8.5,0.0,30.0,41.6,23.3,1
51.1,42.6,26.5,6.2,0.0,15.5,27.1,6.9,1
57.8,94.2,52.8,41.7,13.7,30.0,39.8,47.6,1
48.9,46.0,49.2,99.2,18.3,13.7,20.3,3.6,1
30.5,41.2,71.2,0.0,0.0,18.1,24.0,8.8,1
66.6,38.9,16.3,88.8,13.5,17.7,28.9,14.9,1
32.7,38.4,13.8,39.2,1.2,6.0,33.1,20.8,1
6.4,47.9,20.6,16.4,0.0,15.6,25.9,0.3,1
